domain,sld,tld,availability_status,score,tag,estimated_price,keyword_score,trend_score,tld_score,brandability_score,length_score,pronounceability_score,source,fetched_at,scored_at,country
coinai.com,coinai,.com,❌ Taken,87.08,High Value,86.25,85.0,89.1,100.0,79.0,85.0,60.0,generator,2026-10-01 11:52:13,2026-10-01 11:53:04,🇺🇸 USA
tradeai.com,tradeai,.com,❌ Taken,86.75,High Value,86.25,85.0,88.8,100.0,80.25,80.0,85.0,generator,2026-10-01 11:52:13,2026-10-01 11:53:04,🇺🇸 USA
appai.ai,appai,.ai,⚠️ For Sale,86.5,High Value,700.0,85.0,89.6,92.0,79.0,90.0,85.0,generator,2026-10-01 11:52:13,2026-10-01 11:53:04,🇺🇸 USA
deepai.io,deepai,.io,❌ Taken,85.45,High Value,318.75,85.0,90.6,85.0,80.25,85.0,60.0,generator,2026-10-01 11:52:13,2026-10-01 11:53:04,🇦🇪 UAE
shopai.co,shopai,.co,⚠️ For Sale,85.35,High Value,150.0,85.0,88.4,78.0,87.75,85.0,95.0,generator,2026-10-01 11:52:13,2026-10-01 11:53:04,🇦🇪 UAE
chaindraw.com,chaindraw,.com,❌ Taken,84.85,High Value,51.75,85.0,88.8,100.0,77.25,67.0,82.0,generator,2026-10-01 11:52:13,2026-10-01 11:53:04,🇦🇪 UAE
playai.net,playai,.net,⚠️ For Sale,84.45,High Value,93.75,85.0,89.6,70.0,87.75,85.0,95.0,generator,2026-10-01 11:52:13,2026-10-01 11:53:04,🇩🇪 Germany
sellai.net,sellai,.net,⚠️ For Sale,84.0,High Value,93.75,85.0,87.8,70.0,87.75,85.0,95.0,generator,2026-10-01 11:52:13,2026-10-01 11:53:04,🇺🇸 USA
botai.com,botai,.com,⚠️ For Sale,83.95,High Value,115.0,85.0,90.8,100.0,58.75,90.0,85.0,generator,2026-10-01 11:52:13,2026-10-01 11:53:04,🌐 Global
medai.com,medai,.com,❌ Taken,83.53,High Value,115.0,85.0,89.1,100.0,58.75,90.0,85.0,generator,2026-10-01 11:52:13,2026-10-01 11:53:04,🇩🇪 Germany
carepay.com,carepay,.com,❌ Taken,83.13,High Value,86.25,95.0,59.12,100.0,84.25,80.0,85.0,generator,2026-10-01 11:52:13,2026-10-01 11:53:04,🇮🇳 India
novachain.ai,novachain,.ai,❌ Taken,82.75,High Value,315.0,85.0,88.8,92.0,72.75,67.0,85.0,generator,2026-10-01 11:52:13,2026-10-01 11:53:04,🌐 Global
swappro.com,swappro,.com,❌ Taken,82.41,High Value,86.25,95.0,56.85,100.0,83.5,80.0,77.0,generator,2026-10-01 11:52:13,2026-10-01 11:53:04,🌐 Global
devai.ai,devai,.ai,⚠️ For Sale,82.32,High Value,700.0,85.0,89.1,92.0,58.75,90.0,85.0,generator,2026-10-01 11:52:13,2026-10-01 11:53:04,🌐 Global
greenai.org,greenai,.org,✅ Available,81.9,High Value,90.0,85.0,88.6,68.0,80.25,80.0,85.0,generator,2026-10-01 11:52:13,2026-10-01 11:53:04,🌐 Global
getai.io,getai,.io,⚠️ For Sale,81.54,High Value,425.0,70.0,92.15,85.0,78.75,90.0,85.0,generator,2026-10-01 11:52:13,2026-10-01 11:53:04,🌐 Global
paydata.com,paydata,.com,❌ Taken,81.45,High Value,86.25,85.0,63.4,100.0,85.5,80.0,90.0,generator,2026-10-01 11:52:13,2026-10-01 11:53:04,🇬🇧 UK
neuralapp.com,neuralapp,.com,✅ Available,81.4,High Value,69.0,85.0,72.0,100.0,81.0,67.0,85.0,generator,2026-10-01 11:52:13,2026-10-01 11:53:04,🌐 Global
metacare.com,metacare,.com,✅ Available,81.32,High Value,69.0,95.0,53.27,100.0,85.5,74.0,90.0,generator,2026-10-01 11:52:13,2026-10-01 11:53:04,🇮🇳 India
neuralpro.com,neuralpro,.com,⚠️ For Sale,80.95,High Value,69.0,85.0,70.2,100.0,81.0,67.0,82.0,generator,2026-10-01 11:52:13,2026-10-01 11:53:04,🌐 Global
quantum.com,quantum,.com,❌ Taken,80.8,High Value,86.25,80.0,68.0,100.0,84.0,80.0,90.0,generator,2026-10-01 11:52:13,2026-10-01 11:53:04,🌐 Global
carbonpro.com,carbonpro,.com,⚠️ For Sale,80.36,High Value,51.75,95.0,56.85,100.0,79.75,67.0,82.0,generator,2026-10-01 11:52:13,2026-10-01 11:53:04,🇦🇪 UAE
metacare.ai,metacare,.ai,❌ Taken,80.12,High Value,420.0,95.0,53.27,92.0,85.5,74.0,90.0,generator,2026-10-01 11:52:13,2026-10-01 11:53:04,🇺🇸 USA
pixelgame.com,pixelgame,.com,❌ Taken,80.11,High Value,69.0,85.0,64.84,100.0,83.5,67.0,90.0,generator,2026-10-01 11:52:13,2026-10-01 11:53:04,🌐 Global
codeapp.com,codeapp,.com,⚠️ For Sale,80.03,High Value,86.25,85.0,58.3,100.0,84.75,80.0,90.0,generator,2026-10-01 11:52:13,2026-10-01 11:53:04,🇦🇪 UAE
flowapp.com,flowapp,.com,❌ Taken,79.78,High Value,62.1,85.0,58.3,100.0,83.5,80.0,80.0,generator,2026-10-01 11:52:13,2026-10-01 11:53:04,🇦🇺 Australia
gamestack.com,gamestack,.com,❌ Taken,79.66,High Value,49.68,85.0,65.04,100.0,81.0,67.0,85.0,generator,2026-10-01 11:52:13,2026-10-01 11:53:04,🇮🇳 India
tradecare.com,tradecare,.com,❌ Taken,79.59,High Value,49.68,95.0,50.77,100.0,83.5,67.0,90.0,generator,2026-10-01 11:52:13,2026-10-01 11:53:04,🌐 Global
swappro.co,swappro,.co,✅ Available,79.11,High Value,108.0,95.0,56.85,78.0,83.5,80.0,77.0,generator,2026-10-01 11:52:13,2026-10-01 11:53:04,🇦🇺 Australia
stackapp.com,stackapp,.com,⚠️ For Sale,79.1,High Value,49.68,85.0,58.0,100.0,83.5,74.0,80.0,generator,2026-10-01 11:52:13,2026-10-01 11:53:04,🇦🇪 UAE
playai.ae,playai,.ae,✅ Available,78.45,High Value,67.5,85.0,89.6,30.0,87.75,85.0,95.0,generator,2026-10-01 11:52:13,2026-10-01 11:53:04,🇦🇪 UAE
bankai.in,bankai,.in,❌ Taken,78.2,High Value,67.5,85.0,88.6,30.0,87.75,85.0,95.0,generator,2026-10-01 11:52:13,2026-10-01 11:53:04,🇮🇳 India
mintai.us,mintai,.us,⚠️ For Sale,78.08,High Value,67.5,85.0,88.1,30.0,87.75,85.0,95.0,generator,2026-10-01 11:52:13,2026-10-01 11:53:04,🇺🇸 USA
zengame.com,zengame,.com,✅ Available,77.94,High Value,62.1,70.0,65.96,100.0,87.25,80.0,95.0,generator,2026-10-01 11:52:13,2026-10-01 11:53:04,🇮🇳 India
metahealth.com,metahealth,.com,❌ Taken,77.88,High Value,49.68,85.0,62.7,100.0,78.5,60.0,77.0,generator,2026-10-01 11:52:13,2026-10-01 11:53:04,🇮🇳 India
datagrow.io,datagrow,.io,⚠️ For Sale,77.8,High Value,183.6,85.0,62.2,85.0,83.0,74.0,85.0,generator,2026-10-01 11:52:13,2026-10-01 11:53:04,🇦🇪 UAE
ecopro.ai,ecopro,.ai,⚠️ For Sale,77.8,High Value,378.0,85.0,52.6,92.0,84.25,85.0,90.0,generator,2026-10-01 11:52:13,2026-10-01 11:53:04,🇺🇸 USA
mlpro.io,mlpro,.io,❌ Taken,77.7,High Value,306.0,85.0,74.6,85.0,59.0,90.0,55.0,generator,2026-10-01 11:52:13,2026-10-01 11:53:04,🇬🇧 UK
pixel.com,pixel,.com,❌ Taken,77.55,High Value,82.8,80.0,50.0,100.0,85.25,90.0,90.0,generator,2026-10-01 11:52:13,2026-10-01 11:53:04,🇮🇳 India
devai.tech,devai,.tech,⚠️ For Sale,77.53,High Value,198.0,85.0,89.1,60.0,58.75,90.0,85.0,generator,2026-10-01 11:52:13,2026-10-01 11:53:04,🇩🇪 Germany
quantum.co,quantum,.co,❌ Taken,77.5,High Value,108.0,80.0,68.0,78.0,84.0,80.0,90.0,generator,2026-10-01 11:52:13,2026-10-01 11:53:04,🇦🇪 UAE
nftai.tech,nftai,.tech,✅ Available,77.42,High Value,198.0,85.0,87.1,60.0,60.75,90.0,77.0,generator,2026-10-01 11:52:13,2026-10-01 11:53:04,🇩🇪 Germany
cryptoapp.com,cryptoapp,.com,❌ Taken,77.3,High Value,49.68,85.0,67.6,100.0,66.0,67.0,50.0,generator,2026-10-01 11:52:13,2026-10-01 11:53:04,🇩🇪 Germany
codelink.com,codelink,.com,❌ Taken,77.3,High Value,49.68,85.0,52.2,100.0,81.75,74.0,85.0,generator,2026-10-01 11:52:13,2026-10-01 11:53:04,🇺🇸 USA
tradehealth.com,tradehealth,.com,⚠️ For Sale,76.8,High Value,41.4,85.0,62.4,100.0,76.5,54.0,77.0,generator,2026-10-01 11:52:13,2026-10-01 11:53:04,🇦🇺 Australia
mlai.us,mlai,.us,❌ Taken,76.65,High Value,90.0,85.0,91.6,30.0,71.25,95.0,85.0,generator,2026-10-01 11:52:13,2026-10-01 11:53:04,🇺🇸 USA
baseai.us,baseai,.us,⚠️ For Sale,76.45,High Value,67.5,85.0,87.6,30.0,80.25,85.0,60.0,generator,2026-10-01 11:52:13,2026-10-01 11:53:04,🇺🇸 USA
coreai.au,coreai,.au,❌ Taken,76.25,High Value,67.5,85.0,87.8,30.0,79.0,85.0,60.0,generator,2026-10-01 11:52:13,2026-10-01 11:53:04,🇦🇺 Australia
metacode.io,metacode,.io,❌ Taken,76.23,High Value,183.6,85.0,53.9,85.0,85.5,74.0,90.0,generator,2026-10-01 11:52:13,2026-10-01 11:53:04,🇬🇧 UK
greenai.de,greenai,.de,❌ Taken,76.2,High Value,67.5,85.0,88.6,30.0,80.25,80.0,85.0,generator,2026-10-01 11:52:13,2026-10-01 11:53:04,🇩🇪 Germany
marketapp.org,marketapp,.org,❌ Taken,76.06,High Value,38.88,95.0,57.83,68.0,81.0,67.0,85.0,generator,2026-10-01 11:52:13,2026-10-01 11:53:04,🌐 Global
datadata.com,datadata,.com,❌ Taken,76.06,High Value,49.68,70.0,63.05,100.0,84.5,74.0,80.0,generator,2026-10-01 11:52:13,2026-10-01 11:53:04,🌐 Global
clippay.com,clippay,.com,❌ Taken,75.98,High Value,62.1,70.0,60.14,100.0,84.75,80.0,80.0,generator,2026-10-01 11:52:13,2026-10-01 11:53:04,🇺🇸 USA
getapp.com,getapp,.com,❌ Taken,75.95,High Value,62.1,70.0,58.2,100.0,84.5,85.0,90.0,generator,2026-10-01 11:52:13,2026-10-01 11:53:04,🌐 Global
neuralai.in,neuralai,.in,❌ Taken,75.62,High Value,54.0,85.0,91.1,30.0,77.25,74.0,55.0,generator,2026-10-01 11:52:13,2026-10-01 11:53:04,🇮🇳 India
sellgrow.com,sellgrow,.com,⚠️ For Sale,75.4,High Value,49.68,85.0,48.2,100.0,77.25,74.0,60.0,generator,2026-10-01 11:52:13,2026-10-01 11:53:04,🇦🇪 UAE
neuralscope.com,neuralscope,.com,❌ Taken,75.39,High Value,41.4,70.0,72.75,100.0,79.0,54.0,82.0,generator,2026-10-01 11:52:13,2026-10-01 11:53:04,🌐 Global
growhub.io,growhub,.io,⚠️ For Sale,75.08,High Value,229.5,85.0,48.5,85.0,83.5,80.0,80.0,generator,2026-10-01 11:52:13,2026-10-01 11:53:04,🇬🇧 UK
cyberapp.net,cyberapp,.net,⚠️ For Sale,74.49,High Value,54.0,85.0,60.56,70.0,79.75,74.0,72.0,generator,2026-10-01 11:52:13,2026-10-01 11:53:04,🇺🇸 USA
tokencloud.com,tokencloud,.com,⚠️ For Sale,74.37,High Value,49.68,85.0,60.06,100.0,64.25,60.0,77.0,generator,2026-10-01 11:52:13,2026-10-01 11:53:04,🇩🇪 Germany
streamlab.de,streamlab,.de,❌ Taken,74.35,High Value,40.5,95.0,75.8,30.0,78.5,67.0,82.0,generator,2026-10-01 11:52:13,2026-10-01 11:53:04,🇩🇪 Germany
walletai.ae,walletai,.ae,✅ Available,74.3,High Value,54.0,85.0,89.4,30.0,72.75,74.0,90.0,generator,2026-10-01 11:52:13,2026-10-01 11:53:04,🇦🇪 UAE
growsync.com,growsync,.com,❌ Taken,74.0,High Value,49.68,85.0,49.0,100.0,69.25,74.0,25.0,generator,2026-10-01 11:52:13,2026-10-01 11:53:04,🌐 Global
aigrid.de,aigrid,.de,✅ Available,73.84,High Value,67.5,70.0,92.15,30.0,84.0,85.0,90.0,generator,2026-10-01 11:52:13,2026-10-01 11:53:04,🇩🇪 Germany
cloudnest.com,cloudnest,.com,✅ Available,73.69,High Value,49.68,70.0,60.14,100.0,79.75,67.0,90.0,generator,2026-10-01 11:52:13,2026-10-01 11:53:04,🇦🇺 Australia
mycyber.com,mycyber,.com,❌ Taken,73.58,High Value,62.1,70.0,60.14,100.0,72.75,80.0,25.0,generator,2026-10-01 11:52:13,2026-10-01 11:53:04,🇦🇪 UAE
coinstream.co,coinstream,.co,❌ Taken,73.58,High Value,86.4,85.0,62.7,78.0,73.5,60.0,70.0,generator,2026-10-01 11:52:13,2026-10-01 11:53:04,🌐 Global
ridehealth.com,ridehealth,.com,❌ Taken,73.46,High Value,49.68,70.0,63.05,100.0,78.5,60.0,77.0,generator,2026-10-01 11:52:13,2026-10-01 11:53:04,🌐 Global
getcrypto.com,getcrypto,.com,❌ Taken,73.33,High Value,49.68,70.0,67.9,100.0,68.25,67.0,65.0,generator,2026-10-01 11:52:13,2026-10-01 11:53:04,🇩🇪 Germany
cloudgrid.com,cloudgrid,.com,❌ Taken,73.19,High Value,49.68,70.0,60.14,100.0,77.25,67.0,82.0,generator,2026-10-01 11:52:13,2026-10-01 11:53:04,🇦🇺 Australia
carebook.co,carebook,.co,⚠️ For Sale,73.15,High Value,86.4,85.0,48.8,78.0,81.75,74.0,85.0,generator,2026-10-01 11:52:13,2026-10-01 11:53:04,🇦🇺 Australia
getstream.com,getstream,.com,✅ Available,73.11,High Value,49.68,70.0,63.05,100.0,73.25,67.0,70.0,generator,2026-10-01 11:52:13,2026-10-01 11:53:04,🇬🇧 UK
quantumchat.com,quantumchat,.com,⚠️ For Sale,72.94,High Value,41.4,70.0,65.96,100.0,75.25,54.0,77.0,generator,2026-10-01 11:52:13,2026-10-01 11:53:04,🌐 Global
getclean.com,getclean,.com,⚠️ For Sale,72.41,High Value,49.68,70.0,50.44,100.0,82.0,74.0,82.0,generator,2026-10-01 11:52:13,2026-10-01 11:53:04,🌐 Global
artrade.net,artrade,.net,⚠️ For Sale,72.24,High Value,67.5,85.0,50.56,70.0,78.0,80.0,87.0,generator,2026-10-01 11:52:13,2026-10-01 11:53:04,🇺🇸 USA
codevault.com,codevault,.com,⚠️ For Sale,72.17,High Value,37.26,85.0,53.9,100.0,57.5,67.0,85.0,generator,2026-10-01 11:52:13,2026-10-01 11:53:04,🇦🇺 Australia
zengrow.com,zengrow,.com,❌ Taken,72.08,High Value,62.1,70.0,48.5,100.0,79.75,80.0,72.0,generator,2026-10-01 11:52:13,2026-10-01 11:53:04,🇺🇸 USA
codetrack.com,codetrack,.com,❌ Taken,71.99,High Value,49.68,70.0,53.35,100.0,79.75,67.0,85.0,generator,2026-10-01 11:52:13,2026-10-01 11:53:04,🇺🇸 USA
caresnap.net,caresnap,.net,✅ Available,71.95,High Value,54.0,85.0,48.8,70.0,81.75,74.0,85.0,generator,2026-10-01 11:52:13,2026-10-01 11:53:04,🇩🇪 Germany
getgreen.com,getgreen,.com,❌ Taken,71.93,High Value,49.68,70.0,48.5,100.0,82.0,74.0,82.0,generator,2026-10-01 11:52:13,2026-10-01 11:53:04,🇦🇪 UAE
getstack.com,getstack,.com,❌ Taken,71.91,High Value,49.68,70.0,50.44,100.0,79.5,74.0,72.0,generator,2026-10-01 11:52:13,2026-10-01 11:53:04,🌐 Global
autoship.ai,autoship,.ai,❌ Taken,71.76,High Value,302.4,70.0,63.05,92.0,69.0,74.0,85.0,generator,2026-10-01 11:52:13,2026-10-01 11:53:04,🌐 Global
caresign.org,caresign,.org,❌ Taken,71.65,High Value,51.84,85.0,48.8,68.0,81.75,74.0,85.0,generator,2026-10-01 11:52:13,2026-10-01 11:53:04,🌐 Global
paypulse.net,paypulse,.net,✅ Available,71.64,High Value,54.0,70.0,60.14,70.0,88.5,74.0,95.0,generator,2026-10-01 11:52:13,2026-10-01 11:53:04,🇺🇸 USA
ionstream.com,ionstream,.com,❌ Taken,71.51,High Value,49.68,70.0,63.05,100.0,65.25,67.0,70.0,generator,2026-10-01 11:52:13,2026-10-01 11:53:04,🇩🇪 Germany
cryptopro.tech,cryptopro,.tech,❌ Taken,71.35,High Value,118.8,85.0,65.8,60.0,68.5,67.0,65.0,generator,2026-10-01 11:52:13,2026-10-01 11:53:04,🇩🇪 Germany
getdash.com,getdash,.com,⚠️ For Sale,71.31,High Value,62.1,70.0,43.65,100.0,82.0,80.0,80.0,generator,2026-10-01 11:52:13,2026-10-01 11:53:04,🇮🇳 India
quantumtest.io,quantumtest,.io,✅ Available,71.19,High Value,153.0,70.0,65.96,85.0,77.75,54.0,85.0,generator,2026-10-01 11:52:13,2026-10-01 11:53:04,🌐 Global
learngrow.co,learngrow,.co,⚠️ For Sale,71.05,High Value,64.8,85.0,48.8,78.0,74.75,67.0,70.0,generator,2026-10-01 11:52:13,2026-10-01 11:53:04,🇦🇺 Australia
lockdata.org,lockdata,.org,❌ Taken,70.96,High Value,51.84,70.0,63.05,68.0,83.0,74.0,82.0,generator,2026-10-01 11:52:13,2026-10-01 11:53:04,🌐 Global
getcoin.co,getcoin,.co,❌ Taken,70.94,High Value,108.0,70.0,53.35,78.0,84.5,80.0,90.0,generator,2026-10-01 11:52:13,2026-10-01 11:53:04,🇦🇺 Australia
codetalk.io,codetalk,.io,❌ Taken,70.84,High Value,183.6,70.0,53.35,85.0,81.75,74.0,85.0,generator,2026-10-01 11:52:13,2026-10-01 11:53:04,🇦🇪 UAE
payapp.in,payapp,.in,❌ Taken,70.84,High Value,67.5,85.0,60.56,30.0,86.0,85.0,90.0,generator,2026-10-01 11:52:13,2026-10-01 11:53:04,🇮🇳 India
streamcare.ae,streamcare,.ae,✅ Available,70.61,High Value,54.0,95.0,61.62,30.0,81.0,60.0,87.0,generator,2026-10-01 11:52:13,2026-10-01 11:53:04,🇦🇪 UAE
vrio.com,vrio,.com,❌ Taken,70.61,High Value,82.8,70.0,56.26,100.0,55.25,95.0,85.0,generator,2026-10-01 11:52:13,2026-10-01 11:53:04,🌐 Global
codeport.com,codeport,.com,❌ Taken,70.54,High Value,49.68,70.0,53.35,100.0,69.0,74.0,85.0,generator,2026-10-01 11:52:13,2026-10-01 11:53:04,🇦🇪 UAE
mygreen.com,mygreen,.com,❌ Taken,70.53,High Value,62.1,70.0,48.5,100.0,72.0,80.0,50.0,generator,2026-10-01 11:52:13,2026-10-01 11:53:04,🌐 Global
shopmine.io,shopmine,.io,✅ Available,70.49,High Value,183.6,70.0,46.56,85.0,88.5,74.0,95.0,generator,2026-10-01 11:52:13,2026-10-01 11:53:04,🇬🇧 UK
neuralpro.in,neuralpro,.in,✅ Available,70.45,High Value,54.0,85.0,70.2,30.0,81.0,67.0,82.0,generator,2026-10-01 11:52:13,2026-10-01 11:53:04,🇮🇳 India
caremind.tech,caremind,.tech,✅ Available,70.45,High Value,118.8,85.0,48.8,60.0,81.75,74.0,85.0,generator,2026-10-01 11:52:13,2026-10-01 11:53:04,🇩🇪 Germany
biopro.de,biopro,.de,❌ Taken,70.45,High Value,67.5,85.0,57.0,30.0,88.5,85.0,95.0,generator,2026-10-01 11:52:13,2026-10-01 11:53:04,🇩🇪 Germany
solarcode.de,solarcode,.de,⚠️ For Sale,70.44,High Value,54.0,95.0,56.15,30.0,83.5,67.0,90.0,generator,2026-10-01 11:52:13,2026-10-01 11:53:04,🇩🇪 Germany
talkhealth.co,talkhealth,.co,✅ Available,70.16,High Value,86.4,70.0,63.05,78.0,78.5,60.0,82.0,generator,2026-10-01 11:52:13,2026-10-01 11:53:04,🌐 Global
carefind.us,carefind,.us,✅ Available,70.07,High Value,40.5,95.0,53.27,30.0,81.75,74.0,85.0,generator,2026-10-01 11:52:13,2026-10-01 11:53:04,🇺🇸 USA
botpro.in,botpro,.in,❌ Taken,70.04,High Value,67.5,85.0,67.56,30.0,73.25,85.0,87.0,generator,2026-10-01 11:52:13,2026-10-01 11:53:04,🇮🇳 India
getcrypto.co,getcrypto,.co,⚠️ For Sale,70.02,High Value,86.4,70.0,67.9,78.0,68.25,67.0,65.0,generator,2026-10-01 11:52:13,2026-10-01 11:53:04,🇦🇺 Australia
corerent.com,corerent,.com,⚠️ For Sale,69.94,Medium Value,35.88,70.0,40.74,100.0,81.75,74.0,85.0,generator,2026-10-01 11:52:13,2026-10-01 11:53:04,🌐 Global
hirehealth.co,hirehealth,.co,✅ Available,69.91,Medium Value,62.4,70.0,63.05,78.0,77.25,60.0,77.0,generator,2026-10-01 11:52:13,2026-10-01 11:53:04,🌐 Global
esportapp.co,esportapp,.co,✅ Available,69.9,Medium Value,62.4,85.0,58.0,78.0,57.5,67.0,85.0,generator,2026-10-01 11:52:13,2026-10-01 11:53:04,🇦🇪 UAE
pixelshift.com,pixelshift,.com,⚠️ For Sale,69.83,Medium Value,35.88,70.0,48.5,100.0,78.5,60.0,77.0,generator,2026-10-01 11:52:13,2026-10-01 11:53:04,🇦🇪 UAE
hubapp.ae,hubapp,.ae,✅ Available,69.78,Medium Value,48.75,85.0,57.3,30.0,84.75,85.0,90.0,generator,2026-10-01 11:52:13,2026-10-01 11:53:04,🇦🇪 UAE
neoquantum.co,neoquantum,.co,✅ Available,69.74,Medium Value,62.4,70.0,65.96,78.0,72.75,60.0,85.0,generator,2026-10-01 11:52:13,2026-10-01 11:53:04,🇦🇪 UAE
signsync.com,signsync,.com,❌ Taken,69.58,Medium Value,35.88,70.0,48.5,100.0,70.25,74.0,25.0,generator,2026-10-01 11:52:13,2026-10-01 11:53:04,🇦🇪 UAE
hyperpixel.com,hyperpixel,.com,❌ Taken,69.58,Medium Value,35.88,70.0,48.5,100.0,77.25,60.0,77.0,generator,2026-10-01 11:52:13,2026-10-01 11:53:04,🌐 Global
techapp.in,techapp,.in,❌ Taken,69.35,Medium Value,48.75,85.0,58.6,30.0,83.5,80.0,80.0,generator,2026-10-01 11:52:13,2026-10-01 11:53:04,🇮🇳 India
pulsestream.co,pulsestream,.co,❌ Taken,69.16,Medium Value,52.0,70.0,63.05,78.0,76.5,54.0,77.0,generator,2026-10-01 11:52:13,2026-10-01 11:53:04,🇦🇪 UAE
hyperhub.ai,hyperhub,.ai,❌ Taken,69.06,Medium Value,218.4,70.0,43.65,92.0,79.75,74.0,72.0,generator,2026-10-01 11:52:13,2026-10-01 11:53:04,🇮🇳 India
mintapp.in,mintapp,.in,❌ Taken,69.03,Medium Value,48.75,85.0,57.3,30.0,83.5,80.0,80.0,generator,2026-10-01 11:52:13,2026-10-01 11:53:04,🇮🇳 India
playvault.com,playvault,.com,✅ Available,69.0,Medium Value,35.88,70.0,58.2,100.0,58.75,67.0,90.0,generator,2026-10-01 11:52:13,2026-10-01 11:53:04,🌐 Global
sellapp.de,sellapp,.de,❌ Taken,68.95,Medium Value,48.75,85.0,57.0,30.0,83.5,80.0,80.0,generator,2026-10-01 11:52:13,2026-10-01 11:53:04,🇩🇪 Germany
netapp.de,netapp,.de,❌ Taken,68.9,Medium Value,48.75,85.0,52.8,30.0,86.0,85.0,90.0,generator,2026-10-01 11:52:13,2026-10-01 11:53:04,🇩🇪 Germany
netapp.in,netapp,.in,❌ Taken,68.9,Medium Value,48.75,85.0,52.8,30.0,86.0,85.0,90.0,generator,2026-10-01 11:52:13,2026-10-01 11:53:04,🇮🇳 India
aredge.io,aredge,.io,✅ Available,68.79,Medium Value,165.75,70.0,46.56,85.0,74.5,85.0,95.0,generator,2026-10-01 11:52:13,2026-10-01 11:53:04,🇦🇪 UAE
prosync.tech,prosync,.tech,❌ Taken,68.4,Medium Value,107.25,85.0,48.2,60.0,69.25,80.0,25.0,generator,2026-10-01 11:52:13,2026-10-01 11:53:04,🇩🇪 Germany
tradeplan.co,tradeplan,.co,❌ Taken,68.21,Medium Value,62.4,70.0,50.44,78.0,81.0,67.0,85.0,generator,2026-10-01 11:52:13,2026-10-01 11:53:04,🇦🇪 UAE
healthtest.net,healthtest,.net,❌ Taken,68.16,Medium Value,39.0,70.0,63.05,70.0,74.5,60.0,70.0,generator,2026-10-01 11:52:13,2026-10-01 11:53:04,🇩🇪 Germany
aerogrow.ai,aerogrow,.ai,✅ Available,68.12,Medium Value,218.4,70.0,48.5,92.0,69.0,74.0,85.0,generator,2026-10-01 11:52:13,2026-10-01 11:53:04,🌐 Global
mybase.io,mybase,.io,⚠️ For Sale,68.1,Medium Value,165.75,70.0,38.8,85.0,80.75,85.0,77.0,generator,2026-10-01 11:52:13,2026-10-01 11:53:04,🇬🇧 UK
coinpro.de,coinpro,.de,❌ Taken,68.1,Medium Value,48.75,85.0,52.6,30.0,84.75,80.0,87.0,generator,2026-10-01 11:52:13,2026-10-01 11:53:04,🇩🇪 Germany
healthapp.de,healthapp,.de,❌ Taken,67.95,Medium Value,39.0,85.0,63.2,30.0,77.25,67.0,82.0,generator,2026-10-01 11:52:13,2026-10-01 11:53:04,🇩🇪 Germany
codecloud.de,codecloud,.de,❌ Taken,67.87,Medium Value,39.0,85.0,60.06,30.0,80.75,67.0,85.0,generator,2026-10-01 11:52:13,2026-10-01 11:53:04,🇩🇪 Germany
mysolar.de,mysolar,.de,❌ Taken,67.71,Medium Value,48.75,85.0,55.84,30.0,78.75,80.0,72.0,generator,2026-10-01 11:52:13,2026-10-01 11:53:04,🇩🇪 Germany
getsmart.in,getsmart,.in,❌ Taken,67.7,Medium Value,39.0,85.0,57.6,30.0,79.5,74.0,72.0,generator,2026-10-01 11:52:13,2026-10-01 11:53:04,🇮🇳 India
snapsync.io,snapsync,.io,❌ Taken,67.33,Medium Value,132.6,70.0,48.5,85.0,70.25,74.0,25.0,generator,2026-10-01 11:52:13,2026-10-01 11:53:04,🇦🇪 UAE
sellio.co,sellio,.co,❌ Taken,67.28,Medium Value,78.0,70.0,40.74,78.0,79.5,85.0,95.0,generator,2026-10-01 11:52:13,2026-10-01 11:53:04,🌐 Global
codefield.org,codefield,.org,✅ Available,67.25,Medium Value,37.44,85.0,53.4,68.0,57.5,67.0,85.0,generator,2026-10-01 11:52:13,2026-10-01 11:53:04,🌐 Global
metaworks.co,metaworks,.co,✅ Available,67.24,Medium Value,62.4,70.0,53.35,78.0,72.5,67.0,77.0,generator,2026-10-01 11:52:13,2026-10-01 11:53:04,🇦🇺 Australia
drawgrow.net,drawgrow,.net,✅ Available,67.23,Medium Value,39.0,70.0,48.5,70.0,81.0,74.0,72.0,generator,2026-10-01 11:52:13,2026-10-01 11:53:04,🇩🇪 Germany
drifttrade.com,drifttrade,.com,✅ Available,67.21,Medium Value,35.88,70.0,50.44,100.0,63.0,60.0,75.0,generator,2026-10-01 11:52:13,2026-10-01 11:53:04,🌐 Global
cloudshop.au,cloudshop,.au,✅ Available,66.99,Medium Value,39.0,85.0,59.36,30.0,77.25,67.0,82.0,generator,2026-10-01 11:52:13,2026-10-01 11:53:04,🇦🇺 Australia
hireshop.net,hireshop,.net,✅ Available,66.89,Medium Value,39.0,70.0,46.56,70.0,81.75,74.0,85.0,generator,2026-10-01 11:52:13,2026-10-01 11:53:04,🇺🇸 USA
solarlock.us,solarlock,.us,✅ Available,66.86,Medium Value,29.25,85.0,55.84,30.0,81.0,67.0,85.0,generator,2026-10-01 11:52:13,2026-10-01 11:53:04,🇺🇸 USA
mycare.de,mycare,.de,❌ Taken,66.85,Medium Value,48.75,85.0,48.8,30.0,80.75,85.0,77.0,generator,2026-10-01 11:52:13,2026-10-01 11:53:04,🇩🇪 Germany
chatgame.de,chatgame,.de,❌ Taken,66.84,Medium Value,39.0,70.0,65.96,30.0,87.25,74.0,95.0,generator,2026-10-01 11:52:13,2026-10-01 11:53:04,🇩🇪 Germany
findmint.in,findmint,.in,✅ Available,66.83,Medium Value,39.0,85.0,52.9,30.0,81.0,74.0,72.0,generator,2026-10-01 11:52:13,2026-10-01 11:53:04,🇮🇳 India
growpro.in,growpro,.in,❌ Taken,66.75,Medium Value,48.75,85.0,48.2,30.0,83.5,80.0,77.0,generator,2026-10-01 11:52:13,2026-10-01 11:53:04,🇮🇳 India
sellship.com,sellship,.com,⚠️ For Sale,66.69,Medium Value,35.88,70.0,40.74,100.0,65.5,74.0,60.0,generator,2026-10-01 11:52:13,2026-10-01 11:53:04,🇬🇧 UK
carecare.de,carecare,.de,❌ Taken,66.65,Medium Value,39.0,85.0,48.8,30.0,85.25,74.0,90.0,generator,2026-10-01 11:52:13,2026-10-01 11:53:04,🇩🇪 Germany
nftbase.net,nftbase,.net,✅ Available,66.47,Medium Value,48.75,85.0,38.7,70.0,64.0,80.0,55.0,generator,2026-10-01 11:52:13,2026-10-01 11:53:04,🇩🇪 Germany
careride.in,careride,.in,❌ Taken,66.45,Medium Value,39.0,85.0,48.8,30.0,84.25,74.0,90.0,generator,2026-10-01 11:52:13,2026-10-01 11:53:04,🇮🇳 India
linkcloud.in,linkcloud,.in,✅ Available,66.24,Medium Value,39.0,85.0,58.36,30.0,74.75,67.0,70.0,generator,2026-10-01 11:52:13,2026-10-01 11:53:04,🇮🇳 India
payedge.in,payedge,.in,✅ Available,66.23,Medium Value,48.75,70.0,60.14,30.0,88.5,80.0,95.0,generator,2026-10-01 11:52:13,2026-10-01 11:53:04,🇮🇳 India
medio.co,medio,.co,❌ Taken,65.94,Medium Value,104.0,70.0,53.35,78.0,54.5,90.0,85.0,generator,2026-10-01 11:52:13,2026-10-01 11:53:04,🇦🇺 Australia
getbot.de,getbot,.de,❌ Taken,65.81,Medium Value,48.75,70.0,69.84,30.0,71.75,85.0,90.0,generator,2026-10-01 11:52:13,2026-10-01 11:53:04,🇩🇪 Germany
datavote.uk,datavote,.uk,✅ Available,65.76,Medium Value,39.0,70.0,63.05,30.0,85.5,74.0,90.0,generator,2026-10-01 11:52:13,2026-10-01 11:53:04,🇬🇧 UK
getml.us,getml,.us,✅ Available,65.65,Medium Value,65.0,70.0,77.6,30.0,58.75,90.0,62.0,generator,2026-10-01 11:52:13,2026-10-01 11:53:04,🇺🇸 USA
bytefarm.ai,bytefarm,.ai,❌ Taken,65.54,Medium Value,163.8,55.0,46.56,92.0,81.0,74.0,72.0,generator,2026-10-01 11:52:13,2026-10-01 11:53:04,🇮🇳 India
blazegame.ae,blazegame,.ae,✅ Available,65.39,Medium Value,39.0,70.0,65.96,30.0,83.5,67.0,90.0,generator,2026-10-01 11:52:13,2026-10-01 11:53:04,🇦🇪 UAE
helixshop.com,helixshop,.com,⚠️ For Sale,65.34,Medium Value,35.88,70.0,46.56,100.0,55.0,67.0,77.0,generator,2026-10-01 11:52:13,2026-10-01 11:53:04,🇺🇸 USA
paysign.in,paysign,.in,✅ Available,65.23,Medium Value,48.75,70.0,60.14,30.0,83.5,80.0,80.0,generator,2026-10-01 11:52:13,2026-10-01 11:53:04,🇮🇳 India
sellfarm.ae,sellfarm,.ae,✅ Available,65.21,Medium Value,29.25,85.0,46.44,30.0,81.0,74.0,72.0,generator,2026-10-01 11:52:13,2026-10-01 11:53:04,🇦🇪 UAE
talkfind.co,talkfind,.co,✅ Available,65.14,Medium Value,46.8,55.0,53.35,78.0,81.0,74.0,72.0,generator,2026-10-01 11:52:13,2026-10-01 11:53:04,🌐 Global
payscope.de,payscope,.de,❌ Taken,65.14,Medium Value,39.0,70.0,60.14,30.0,86.0,74.0,87.0,generator,2026-10-01 11:52:13,2026-10-01 11:53:04,🇩🇪 Germany
myshop.net,myshop,.net,❌ Taken,65.04,Medium Value,48.75,70.0,46.56,70.0,67.0,85.0,25.0,generator,2026-10-01 11:52:13,2026-10-01 11:53:04,🇩🇪 Germany
pixelpulse.tech,pixelpulse,.tech,❌ Taken,65.03,Medium Value,85.8,70.0,48.5,60.0,84.5,60.0,90.0,generator,2026-10-01 11:52:13,2026-10-01 11:53:04,🇩🇪 Germany
turbopay.de,turbopay,.de,❌ Taken,65.03,Medium Value,39.0,70.0,60.14,30.0,85.5,74.0,85.0,generator,2026-10-01 11:52:13,2026-10-01 11:53:04,🇩🇪 Germany
arpro.us,arpro,.us,❌ Taken,65.01,Medium Value,65.0,85.0,46.44,30.0,72.0,90.0,87.0,generator,2026-10-01 11:52:13,2026-10-01 11:53:04,🇺🇸 USA
apexsync.co,apexsync,.co,⚠️ For Sale,64.88,Medium Value,62.4,70.0,48.5,78.0,63.25,74.0,60.0,generator,2026-10-01 11:52:13,2026-10-01 11:53:04,🇦🇺 Australia
minetrade.ae,minetrade,.ae,✅ Available,64.84,Medium Value,39.0,85.0,45.76,30.0,83.5,67.0,90.0,generator,2026-10-01 11:52:13,2026-10-01 11:53:04,🇦🇪 UAE
carescan.in,carescan,.in,✅ Available,64.75,Medium Value,39.0,85.0,48.8,30.0,75.75,74.0,85.0,generator,2026-10-01 11:52:13,2026-10-01 11:53:04,🇮🇳 India
myshop.org,myshop,.org,❌ Taken,64.74,Medium Value,46.8,70.0,46.56,68.0,67.0,85.0,25.0,generator,2026-10-01 11:52:13,2026-10-01 11:53:04,🌐 Global
shipfarm.com,shipfarm,.com,❌ Taken,64.69,Medium Value,26.91,55.0,46.56,100.0,70.75,74.0,80.0,generator,2026-10-01 11:52:13,2026-10-01 11:53:04,🌐 Global
deepmeet.us,deepmeet,.us,✅ Available,64.53,Medium Value,39.0,70.0,67.9,30.0,73.25,74.0,90.0,generator,2026-10-01 11:52:13,2026-10-01 11:53:04,🇺🇸 USA
sendfarm.io,sendfarm,.io,✅ Available,64.49,Medium Value,99.45,55.0,46.56,85.0,81.0,74.0,72.0,generator,2026-10-01 11:52:13,2026-10-01 11:53:04,🇦🇪 UAE
tokenapp.us,tokenapp,.us,✅ Available,64.43,Medium Value,39.0,85.0,58.3,30.0,62.25,74.0,85.0,generator,2026-10-01 11:52:13,2026-10-01 11:53:04,🇺🇸 USA
sparkfeed.ai,sparkfeed,.ai,❌ Taken,64.34,Medium Value,163.8,55.0,46.56,92.0,78.5,67.0,82.0,generator,2026-10-01 11:52:13,2026-10-01 11:53:04,🌐 Global
wellpro.de,wellpro,.de,❌ Taken,64.21,Medium Value,48.75,85.0,46.44,30.0,73.0,80.0,65.0,generator,2026-10-01 11:52:13,2026-10-01 11:53:04,🇩🇪 Germany
smartshift.de,smartshift,.de,❌ Taken,64.05,Medium Value,39.0,85.0,57.6,30.0,68.25,60.0,60.0,generator,2026-10-01 11:52:13,2026-10-01 11:53:04,🇩🇪 Germany
neocare.us,neocare,.us,⚠️ For Sale,63.85,Medium Value,48.75,85.0,48.8,30.0,68.25,80.0,85.0,generator,2026-10-01 11:52:13,2026-10-01 11:53:04,🇺🇸 USA
scanware.co,scanware,.co,✅ Available,63.74,Medium Value,46.8,55.0,46.56,78.0,82.5,74.0,95.0,generator,2026-10-01 11:52:13,2026-10-01 11:53:04,🌐 Global
vitadash.in,vitadash,.in,✅ Available,63.6,Medium Value,39.0,85.0,43.8,30.0,76.25,74.0,85.0,generator,2026-10-01 11:52:13,2026-10-01 11:53:04,🇮🇳 India
gethealth.in,gethealth,.in,❌ Taken,63.36,Medium Value,39.0,70.0,63.05,30.0,77.0,67.0,82.0,generator,2026-10-01 11:52:13,2026-10-01 11:53:04,🇮🇳 India
nextlab.de,nextlab,.de,❌ Taken,63.04,Medium Value,48.75,70.0,53.35,30.0,81.0,80.0,72.0,generator,2026-10-01 11:52:13,2026-10-01 11:53:04,🇩🇪 Germany
metamind.us,metamind,.us,⚠️ For Sale,63.04,Medium Value,39.0,70.0,53.35,30.0,84.0,74.0,85.0,generator,2026-10-01 11:52:13,2026-10-01 11:53:04,🇺🇸 USA
mycoin.in,mycoin,.in,❌ Taken,62.99,Medium Value,48.75,70.0,53.35,30.0,78.25,85.0,72.0,generator,2026-10-01 11:52:13,2026-10-01 11:53:04,🇮🇳 India
streamchat.ae,streamchat,.ae,✅ Available,62.96,Medium Value,39.0,70.0,63.05,30.0,78.5,60.0,82.0,generator,2026-10-01 11:52:13,2026-10-01 11:53:04,🇦🇪 UAE
streammind.ae,streammind,.ae,✅ Available,62.96,Medium Value,39.0,70.0,63.05,30.0,78.5,60.0,82.0,generator,2026-10-01 11:52:13,2026-10-01 11:53:04,🇦🇪 UAE
nexthealth.de,nexthealth,.de,❌ Taken,62.96,Medium Value,39.0,70.0,63.05,30.0,78.5,60.0,82.0,generator,2026-10-01 11:52:13,2026-10-01 11:53:04,🇩🇪 Germany
blazecloud.us,blazecloud,.us,✅ Available,62.73,Medium Value,39.0,70.0,60.14,30.0,81.0,60.0,85.0,generator,2026-10-01 11:52:13,2026-10-01 11:53:04,🇺🇸 USA
healthride.in,healthride,.in,❌ Taken,62.66,Medium Value,39.0,70.0,63.05,30.0,77.0,60.0,75.0,generator,2026-10-01 11:52:13,2026-10-01 11:53:04,🇮🇳 India
leadpro.us,leadpro,.us,⚠️ For Sale,62.66,Medium Value,48.75,85.0,46.44,30.0,65.25,80.0,87.0,generator,2026-10-01 11:52:13,2026-10-01 11:53:04,🇺🇸 USA
marketmeet.uk,marketmeet,.uk,✅ Available,62.65,Medium Value,29.25,85.0,53.2,30.0,66.75,60.0,85.0,generator,2026-10-01 11:52:13,2026-10-01 11:53:04,🇬🇧 UK
getstream.ae,getstream,.ae,✅ Available,62.61,Medium Value,39.0,70.0,63.05,30.0,73.25,67.0,70.0,generator,2026-10-01 11:52:13,2026-10-01 11:53:04,🇦🇪 UAE
healthbook.us,healthbook,.us,⚠️ For Sale,62.16,Medium Value,39.0,70.0,63.05,30.0,74.5,60.0,70.0,generator,2026-10-01 11:52:13,2026-10-01 11:53:04,🇺🇸 USA
healthplan.ae,healthplan,.ae,✅ Available,62.16,Medium Value,39.0,70.0,63.05,30.0,74.5,60.0,70.0,generator,2026-10-01 11:52:13,2026-10-01 11:53:04,🇦🇪 UAE
metacraft.in,metacraft,.in,✅ Available,61.74,Medium Value,39.0,70.0,53.35,30.0,81.0,67.0,85.0,generator,2026-10-01 11:52:13,2026-10-01 11:53:04,🇮🇳 India
stellarsign.io,stellarsign,.io,✅ Available,61.59,Medium Value,82.88,55.0,46.56,85.0,76.5,54.0,75.0,generator,2026-10-01 11:52:13,2026-10-01 11:53:04,🌐 Global
learnworks.co,learnworks,.co,⚠️ For Sale,61.54,Medium Value,46.8,55.0,46.56,78.0,78.5,60.0,82.0,generator,2026-10-01 11:52:13,2026-10-01 11:53:04,🇦🇪 UAE
booknet.com,booknet,.com,❌ Taken,61.2,Medium Value,44.85,70.0,0.0,100.0,86.0,80.0,90.0,generator,2026-10-01 11:52:13,2026-10-01 11:53:04,🌐 Global
helixsell.co,helixsell,.co,✅ Available,61.09,Medium Value,62.4,70.0,40.74,78.0,57.5,67.0,85.0,generator,2026-10-01 11:52:13,2026-10-01 11:53:04,🇦🇪 UAE
getcore.ae,getcore,.ae,✅ Available,61.09,Medium Value,48.75,70.0,40.74,30.0,87.0,80.0,95.0,generator,2026-10-01 11:52:13,2026-10-01 11:53:04,🇦🇪 UAE
minehub.au,minehub,.au,✅ Available,61.01,Medium Value,48.75,70.0,43.65,30.0,83.0,80.0,85.0,generator,2026-10-01 11:52:13,2026-10-01 11:53:04,🇦🇺 Australia
shopplan.ae,shopplan,.ae,✅ Available,60.74,Medium Value,39.0,70.0,46.56,30.0,81.0,74.0,72.0,generator,2026-10-01 11:52:13,2026-10-01 11:53:04,🇦🇪 UAE
myclean.de,myclean,.de,❌ Taken,60.51,Medium Value,48.75,70.0,50.44,30.0,72.0,80.0,50.0,generator,2026-10-01 11:52:13,2026-10-01 11:53:04,🇩🇪 Germany
snapmint.in,snapmint,.in,❌ Taken,60.51,Medium Value,39.0,70.0,43.65,30.0,83.5,74.0,80.0,generator,2026-10-01 11:52:13,2026-10-01 11:53:04,🇮🇳 India
mycore.in,mycore,.in,❌ Taken,60.34,Medium Value,48.75,70.0,40.74,30.0,80.75,85.0,77.0,generator,2026-10-01 11:52:13,2026-10-01 11:53:04,🇮🇳 India
getvr.us,getvr,.us,❌ Taken,60.31,Medium Value,65.0,70.0,56.26,30.0,58.75,90.0,62.0,generator,2026-10-01 11:52:13,2026-10-01 11:53:04,🇺🇸 USA
blazeclean.in,blazeclean,.in,✅ Available,60.31,Medium Value,39.0,70.0,50.44,30.0,81.0,60.0,85.0,generator,2026-10-01 11:52:13,2026-10-01 11:53:04,🇮🇳 India
hostgrow.in,hostgrow,.in,❌ Taken,60.23,Medium Value,39.0,70.0,48.5,30.0,76.0,74.0,60.0,generator,2026-10-01 11:52:13,2026-10-01 11:53:04,🇮🇳 India
echoflow.de,echoflow,.de,❌ Taken,60.04,Medium Value,39.0,70.0,53.35,30.0,69.0,74.0,85.0,generator,2026-10-01 11:52:13,2026-10-01 11:53:04,🇩🇪 Germany
mygreen.ae,mygreen,.ae,✅ Available,60.02,Medium Value,48.75,70.0,48.5,30.0,72.0,80.0,50.0,generator,2026-10-01 11:52:13,2026-10-01 11:53:04,🇦🇪 UAE
mintrent.ae,mintrent,.ae,✅ Available,60.01,Medium Value,39.0,70.0,43.65,30.0,81.0,74.0,72.0,generator,2026-10-01 11:52:13,2026-10-01 11:53:04,🇦🇪 UAE
drawsell.de,drawsell,.de,✅ Available,59.79,Medium Value,39.0,70.0,40.74,30.0,83.5,74.0,80.0,generator,2026-10-01 11:52:13,2026-10-01 11:53:04,🇩🇪 Germany
arcride.in,arcride,.in,✅ Available,59.54,Medium Value,48.75,70.0,46.56,30.0,72.0,80.0,87.0,generator,2026-10-01 11:52:13,2026-10-01 11:53:04,🇮🇳 India
shipstream.de,shipstream,.de,❌ Taken,59.36,Medium Value,39.0,70.0,63.05,30.0,60.5,60.0,70.0,generator,2026-10-01 11:52:13,2026-10-01 11:53:04,🇩🇪 Germany
rentsell.ae,rentsell,.ae,✅ Available,59.29,Medium Value,39.0,70.0,40.74,30.0,81.0,74.0,72.0,generator,2026-10-01 11:52:13,2026-10-01 11:53:04,🇦🇪 UAE
feedfind.ae,feedfind,.ae,✅ Available,59.14,Medium Value,29.25,55.0,53.35,30.0,87.0,74.0,90.0,generator,2026-10-01 11:52:13,2026-10-01 11:53:04,🇦🇪 UAE
neonstack.ae,neonstack,.ae,✅ Available,58.86,Medium Value,39.0,70.0,50.44,30.0,70.25,67.0,82.0,generator,2026-10-01 11:52:13,2026-10-01 11:53:04,🇦🇪 UAE
drawlink.us,drawlink,.us,✅ Available,58.82,Medium Value,39.0,70.0,36.86,30.0,83.5,74.0,80.0,generator,2026-10-01 11:52:13,2026-10-01 11:53:04,🇺🇸 USA
buildmint.ae,buildmint,.ae,✅ Available,58.81,Medium Value,39.0,70.0,43.65,30.0,78.5,67.0,82.0,generator,2026-10-01 11:52:13,2026-10-01 11:53:04,🇦🇪 UAE
wallettrack.us,wallettrack,.us,✅ Available,58.56,Medium Value,32.5,70.0,56.26,30.0,68.0,54.0,67.0,generator,2026-10-01 11:52:13,2026-10-01 11:53:04,🇺🇸 USA
arcnest.us,arcnest,.us,✅ Available,58.54,Medium Value,48.75,70.0,46.56,30.0,67.0,80.0,72.0,generator,2026-10-01 11:52:13,2026-10-01 11:53:04,🇺🇸 USA
luxdev.ae,luxdev,.ae,✅ Available,58.49,Medium Value,48.75,70.0,53.35,30.0,55.75,85.0,90.0,generator,2026-10-01 11:52:13,2026-10-01 11:53:04,🇦🇪 UAE
medpad.in,medpad,.in,✅ Available,58.49,Medium Value,48.75,70.0,53.35,30.0,55.75,85.0,90.0,generator,2026-10-01 11:52:13,2026-10-01 11:53:04,🇮🇳 India
drawfind.in,drawfind,.in,✅ Available,58.44,Medium Value,29.25,55.0,53.35,30.0,83.5,74.0,80.0,generator,2026-10-01 11:52:13,2026-10-01 11:53:04,🇮🇳 India
votefind.de,votefind,.de,✅ Available,58.34,Medium Value,29.25,55.0,53.35,30.0,83.0,74.0,85.0,generator,2026-10-01 11:52:13,2026-10-01 11:53:04,🇩🇪 Germany
hirefind.ae,hirefind,.ae,✅ Available,58.09,Medium Value,29.25,55.0,53.35,30.0,81.75,74.0,85.0,generator,2026-10-01 11:52:13,2026-10-01 11:53:04,🇦🇪 UAE
mydev.in,mydev,.in,❌ Taken,57.69,Medium Value,65.0,70.0,53.35,30.0,49.25,90.0,62.0,generator,2026-10-01 11:52:13,2026-10-01 11:53:04,🇮🇳 India
vertexlab.in,vertexlab,.in,❌ Taken,57.29,Medium Value,39.0,70.0,53.35,30.0,58.75,67.0,85.0,generator,2026-10-01 11:52:13,2026-10-01 11:53:04,🇮🇳 India
netflix.com,netflix,.com,❌ Taken,56.05,Medium Value,44.85,70.0,0.0,100.0,60.25,80.0,72.0,rdap,2026-10-01 11:52:17,2026-10-01 11:53:04,Unknown
learnwave.au,learnwave,.au,✅ Available,55.54,Medium Value,29.25,55.0,46.56,30.0,81.0,67.0,87.0,generator,2026-10-01 11:52:13,2026-10-01 11:53:04,🇦🇺 Australia
snaplearn.us,snaplearn,.us,✅ Available,55.54,Medium Value,29.25,55.0,46.56,30.0,81.0,67.0,90.0,generator,2026-10-01 11:52:13,2026-10-01 11:53:04,🇺🇸 USA
apexfind.in,apexfind,.in,✅ Available,55.54,Medium Value,29.25,55.0,53.35,30.0,69.0,74.0,85.0,generator,2026-10-01 11:52:13,2026-10-01 11:53:04,🇮🇳 India
ultraride.us,ultraride,.us,✅ Available,55.29,Medium Value,29.25,55.0,46.56,30.0,79.75,67.0,82.0,generator,2026-10-01 11:52:13,2026-10-01 11:53:04,🇺🇸 USA
stellarpad.in,stellarpad,.in,✅ Available,53.19,Medium Value,29.25,55.0,46.56,30.0,72.75,60.0,85.0,generator,2026-10-01 11:52:13,2026-10-01 11:53:04,🇮🇳 India
axislearn.us,axislearn,.us,✅ Available,52.44,Medium Value,29.25,55.0,46.56,30.0,65.5,67.0,85.0,generator,2026-10-01 11:52:13,2026-10-01 11:53:04,🇺🇸 USA
rentnet.de,rentnet,.de,❌ Taken,49.7,Medium Value,37.5,70.0,0.0,30.0,81.0,80.0,72.0,generator,2026-10-01 11:52:13,2026-10-01 11:53:04,🇩🇪 Germany
blazenet.ae,blazenet,.ae,✅ Available,49.5,Medium Value,30.0,70.0,0.0,30.0,83.0,74.0,85.0,generator,2026-10-01 11:52:13,2026-10-01 11:53:04,🇦🇪 UAE
pulsenet.in,pulsenet,.in,❌ Taken,49.5,Medium Value,30.0,70.0,0.0,30.0,83.0,74.0,85.0,generator,2026-10-01 11:52:13,2026-10-01 11:53:04,🇮🇳 India
sendedge.com,sendedge,.com,❌ Taken,40.1,Medium Value,13.8,0.0,0.0,100.0,88.5,74.0,95.0,generator,2026-10-01 11:52:13,2026-10-01 11:53:04,🇺🇸 USA
feedzone.com,feedzone,.com,❌ Taken,40.1,Medium Value,13.8,0.0,0.0,100.0,88.5,74.0,95.0,generator,2026-10-01 11:52:13,2026-10-01 11:53:04,🇦🇪 UAE
drawhire.com,drawhire,.com,✅ Available,40.1,Medium Value,13.8,0.0,0.0,100.0,88.5,74.0,95.0,generator,2026-10-01 11:52:13,2026-10-01 11:53:04,🌐 Global
zeno.com,zeno,.com,❌ Taken,40.0,Medium Value,23.0,0.0,0.0,100.0,77.5,95.0,95.0,generator,2026-10-01 11:52:13,2026-10-01 11:53:04,🌐 Global
feedsign.com,feedsign,.com,⚠️ For Sale,39.6,Low Value,13.8,0.0,0.0,100.0,86.0,74.0,90.0,generator,2026-10-01 11:52:13,2026-10-01 11:53:04,🌐 Global
votehire.com,votehire,.com,❌ Taken,39.5,Low Value,13.8,0.0,0.0,100.0,85.5,74.0,90.0,generator,2026-10-01 11:52:13,2026-10-01 11:53:04,🌐 Global
hyper.com,hyper,.com,❌ Taken,39.35,Low Value,23.0,0.0,0.0,100.0,76.75,90.0,62.0,generator,2026-10-01 11:52:13,2026-10-01 11:53:04,🌐 Global
fundcook.com,fundcook,.com,✅ Available,39.1,Low Value,13.8,0.0,0.0,100.0,83.5,74.0,82.0,generator,2026-10-01 11:52:13,2026-10-01 11:53:04,🇬🇧 UK
swift.com,swift,.com,❌ Taken,38.95,Low Value,23.0,0.0,0.0,100.0,74.75,90.0,70.0,generator,2026-10-01 11:52:13,2026-10-01 11:53:04,🌐 Global
dino.com,dino,.com,❌ Taken,38.75,Low Value,23.0,0.0,0.0,100.0,71.25,95.0,95.0,generator,2026-10-01 11:52:13,2026-10-01 11:53:04,🌐 Global
sendgift.com,sendgift,.com,❌ Taken,38.6,Low Value,13.8,0.0,0.0,100.0,81.0,74.0,72.0,generator,2026-10-01 11:52:13,2026-10-01 11:53:04,🇦🇺 Australia
giftrent.com,giftrent,.com,⚠️ For Sale,38.6,Low Value,13.8,0.0,0.0,100.0,81.0,74.0,72.0,generator,2026-10-01 11:52:13,2026-10-01 11:53:04,🇦🇪 UAE
trackedge.com,trackedge,.com,⚠️ For Sale,38.4,Low Value,13.8,0.0,0.0,100.0,83.5,67.0,95.0,generator,2026-10-01 11:52:13,2026-10-01 11:53:04,🇩🇪 Germany
weg.com,weg,.com,❌ Taken,38.0,Low Value,34.5,0.0,0.0,100.0,66.75,96.5,80.0,generator,2026-10-01 11:52:13,2026-10-01 11:53:04,🇺🇸 USA
bytepulse.com,bytepulse,.com,✅ Available,37.9,Low Value,13.8,0.0,0.0,100.0,81.0,67.0,87.0,generator,2026-10-01 11:52:13,2026-10-01 11:53:04,🇦🇪 UAE
planmind.ai,planmind,.ai,⚠️ For Sale,37.9,Low Value,84.0,0.0,0.0,92.0,83.5,74.0,80.0,generator,2026-10-01 11:52:13,2026-10-01 11:53:04,🇺🇸 USA
rentplan.com,rentplan,.com,✅ Available,37.85,Low Value,13.8,0.0,0.0,100.0,77.25,74.0,60.0,generator,2026-10-01 11:52:13,2026-10-01 11:53:04,🌐 Global
neonplan.com,neonplan,.com,✅ Available,37.75,Low Value,13.8,0.0,0.0,100.0,76.75,74.0,82.0,generator,2026-10-01 11:52:13,2026-10-01 11:53:04,🌐 Global
cookio.com,cookio,.com,⚠️ For Sale,37.65,Low Value,17.25,0.0,0.0,100.0,70.75,85.0,60.0,generator,2026-10-01 11:52:13,2026-10-01 11:53:04,🌐 Global
nolu.ai,nolu,.ai,❌ Taken,37.55,Low Value,140.0,0.0,0.0,92.0,71.25,95.0,90.0,generator,2026-10-01 11:52:13,2026-10-01 11:53:04,🌐 Global
locksign.ai,locksign,.ai,✅ Available,37.4,Low Value,84.0,0.0,0.0,92.0,81.0,74.0,72.0,generator,2026-10-01 11:52:13,2026-10-01 11:53:04,🇮🇳 India
google.com,google,.com,❌ Taken,37.1,Low Value,17.25,0.0,0.0,100.0,68.0,85.0,85.0,rdap,2026-10-01 11:52:13,2026-10-01 11:53:04,Unknown
feedmeet.com,feedmeet,.com,⚠️ For Sale,37.05,Low Value,13.8,0.0,0.0,100.0,73.25,74.0,90.0,generator,2026-10-01 11:52:13,2026-10-01 11:53:04,🌐 Global
ridefund.io,ridefund,.io,✅ Available,36.75,Low Value,51.0,0.0,0.0,85.0,83.0,74.0,85.0,generator,2026-10-01 11:52:13,2026-10-01 11:53:04,🌐 Global
kodop.com,kodop,.com,❌ Taken,36.75,Low Value,23.0,0.0,0.0,100.0,63.75,90.0,90.0,generator,2026-10-01 11:52:13,2026-10-01 11:53:04,🌐 Global
bytepad.com,bytepad,.com,❌ Taken,36.65,Low Value,17.25,0.0,0.0,100.0,68.25,80.0,72.0,generator,2026-10-01 11:52:13,2026-10-01 11:53:04,🌐 Global
builddraw.com,builddraw,.com,⚠️ For Sale,36.65,Low Value,13.8,0.0,0.0,100.0,74.75,67.0,70.0,generator,2026-10-01 11:52:13,2026-10-01 11:53:04,🇩🇪 Germany
xayit.com,xayit,.com,❌ Taken,36.5,Low Value,23.0,0.0,0.0,100.0,62.5,90.0,90.0,generator,2026-10-01 11:52:13,2026-10-01 11:53:04,🌐 Global
prime.net,prime,.net,❌ Taken,36.45,Low Value,25.0,0.0,0.0,70.0,84.75,90.0,85.0,generator,2026-10-01 11:52:13,2026-10-01 11:53:04,🇩🇪 Germany
facebook.com,facebook,.com,❌ Taken,36.45,Low Value,13.8,0.0,0.0,100.0,70.25,74.0,85.0,rdap,2026-10-01 11:52:15,2026-10-01 11:53:04,Unknown
giftnest.io,giftnest,.io,✅ Available,36.35,Low Value,51.0,0.0,0.0,85.0,81.0,74.0,72.0,generator,2026-10-01 11:52:13,2026-10-01 11:53:04,🇦🇪 UAE
feedbook.co,feedbook,.co,✅ Available,36.3,Low Value,24.0,0.0,0.0,78.0,86.0,74.0,90.0,generator,2026-10-01 11:52:13,2026-10-01 11:53:04,🇦🇺 Australia
novashift.com,novashift,.com,⚠️ For Sale,36.25,Low Value,13.8,0.0,0.0,100.0,72.75,67.0,85.0,generator,2026-10-01 11:52:13,2026-10-01 11:53:04,🇩🇪 Germany
primeride.io,primeride,.io,✅ Available,36.15,Low Value,51.0,0.0,0.0,85.0,83.5,67.0,90.0,generator,2026-10-01 11:52:13,2026-10-01 11:53:04,🇬🇧 UK
trackpad.com,trackpad,.com,❌ Taken,36.05,Low Value,13.8,0.0,0.0,100.0,68.25,74.0,72.0,generator,2026-10-01 11:52:13,2026-10-01 11:53:04,🇺🇸 USA
trackfund.com,trackfund,.com,❌ Taken,35.9,Low Value,13.8,0.0,0.0,100.0,71.0,67.0,72.0,generator,2026-10-01 11:52:13,2026-10-01 11:53:04,🇮🇳 India
tadey.com,tadey,.com,❌ Taken,35.65,Low Value,23.0,0.0,0.0,100.0,58.25,90.0,90.0,generator,2026-10-01 11:52:13,2026-10-01 11:53:04,🇦🇪 UAE
primesign.io,primesign,.io,❌ Taken,35.65,Low Value,51.0,0.0,0.0,85.0,81.0,67.0,85.0,generator,2026-10-01 11:52:13,2026-10-01 11:53:04,🌐 Global
tida.com,tida,.com,⚠️ For Sale,35.55,Low Value,23.0,0.0,0.0,100.0,55.25,95.0,95.0,generator,2026-10-01 11:52:13,2026-10-01 11:53:04,🇦🇪 UAE
nuce.com,nuce,.com,❌ Taken,35.55,Low Value,23.0,0.0,0.0,100.0,55.25,95.0,85.0,generator,2026-10-01 11:52:13,2026-10-01 11:53:04,🇮🇳 India
faki.com,faki,.com,✅ Available,35.55,Low Value,23.0,0.0,0.0,100.0,55.25,95.0,95.0,generator,2026-10-01 11:52:13,2026-10-01 11:53:04,🌐 Global
kewe.co,kewe,.co,✅ Available,35.45,Low Value,40.0,0.0,0.0,78.0,71.25,95.0,85.0,generator,2026-10-01 11:52:13,2026-10-01 11:53:04,🌐 Global
amazon.com,amazon,.com,❌ Taken,35.4,Low Value,17.25,0.0,0.0,100.0,59.5,85.0,85.0,rdap,2026-10-01 11:52:16,2026-10-01 11:53:04,Unknown
memop.com,memop,.com,⚠️ For Sale,35.35,Low Value,23.0,0.0,0.0,100.0,56.75,90.0,90.0,generator,2026-10-01 11:52:13,2026-10-01 11:53:04,🇦🇪 UAE
echo.com,echo,.com,❌ Taken,35.3,Low Value,23.0,0.0,0.0,100.0,54.0,95.0,95.0,generator,2026-10-01 11:52:13,2026-10-01 11:53:04,🇺🇸 USA
omni.com,omni,.com,❌ Taken,35.3,Low Value,23.0,0.0,0.0,100.0,54.0,95.0,95.0,generator,2026-10-01 11:52:13,2026-10-01 11:53:04,🌐 Global
omniforge.com,omniforge,.com,✅ Available,35.3,Low Value,13.8,0.0,0.0,100.0,68.0,67.0,90.0,generator,2026-10-01 11:52:13,2026-10-01 11:53:04,🇬🇧 UK
aerovote.com,aerovote,.com,✅ Available,35.2,Low Value,13.8,0.0,0.0,100.0,64.0,74.0,55.0,generator,2026-10-01 11:52:13,2026-10-01 11:53:04,🇺🇸 USA
rer.com,rer,.com,❌ Taken,35.2,Low Value,34.5,0.0,0.0,100.0,52.75,96.5,80.0,generator,2026-10-01 11:52:13,2026-10-01 11:53:04,🌐 Global
bozuk.com,bozuk,.com,⚠️ For Sale,35.15,Low Value,23.0,0.0,0.0,100.0,55.75,90.0,90.0,generator,2026-10-01 11:52:13,2026-10-01 11:53:04,🌐 Global
sovek.com,sovek,.com,❌ Taken,35.15,Low Value,23.0,0.0,0.0,100.0,55.75,90.0,90.0,generator,2026-10-01 11:52:13,2026-10-01 11:53:04,🇺🇸 USA
leyix.com,leyix,.com,❌ Taken,35.15,Low Value,23.0,0.0,0.0,100.0,55.75,90.0,90.0,generator,2026-10-01 11:52:13,2026-10-01 11:53:04,🇦🇺 Australia
feeddock.net,feeddock,.net,✅ Available,35.1,Low Value,15.0,0.0,0.0,70.0,86.0,74.0,90.0,generator,2026-10-01 11:52:13,2026-10-01 11:53:04,🌐 Global
pulsedeck.com,pulsedeck,.com,⚠️ For Sale,35.05,Low Value,13.8,0.0,0.0,100.0,66.75,67.0,85.0,generator,2026-10-01 11:52:13,2026-10-01 11:53:04,🇺🇸 USA
primepath.com,primepath,.com,❌ Taken,35.05,Low Value,13.8,0.0,0.0,100.0,66.75,67.0,85.0,generator,2026-10-01 11:52:13,2026-10-01 11:53:04,🇩🇪 Germany
twitter.com,twitter,.com,❌ Taken,35.0,Low Value,17.25,0.0,0.0,100.0,60.0,80.0,80.0,rdap,2026-10-01 11:52:18,2026-10-01 11:53:04,Unknown
helix.com,helix,.com,❌ Taken,34.9,Low Value,23.0,0.0,0.0,100.0,54.5,90.0,90.0,generator,2026-10-01 11:52:13,2026-10-01 11:53:04,🌐 Global
xugig.com,xugig,.com,❌ Taken,34.9,Low Value,23.0,0.0,0.0,100.0,54.5,90.0,90.0,generator,2026-10-01 11:52:13,2026-10-01 11:53:04,🌐 Global
cuvok.com,cuvok,.com,❌ Taken,34.9,Low Value,23.0,0.0,0.0,100.0,54.5,90.0,90.0,generator,2026-10-01 11:52:13,2026-10-01 11:53:04,🇮🇳 India
pab.com,pab,.com,❌ Taken,34.8,Low Value,34.5,0.0,0.0,100.0,50.75,96.5,80.0,generator,2026-10-01 11:52:13,2026-10-01 11:53:04,🇦🇪 UAE
apex.com,apex,.com,❌ Taken,34.8,Low Value,23.0,0.0,0.0,100.0,51.5,95.0,90.0,generator,2026-10-01 11:52:13,2026-10-01 11:53:04,🇺🇸 USA
fen.com,fen,.com,✅ Available,34.8,Low Value,34.5,0.0,0.0,100.0,50.75,96.5,80.0,generator,2026-10-01 11:52:13,2026-10-01 11:53:04,🌐 Global
wat.com,wat,.com,❌ Taken,34.8,Low Value,34.5,0.0,0.0,100.0,50.75,96.5,80.0,generator,2026-10-01 11:52:13,2026-10-01 11:53:04,🌐 Global
pop.tech,pop,.tech,✅ Available,34.7,Low Value,82.5,0.0,0.0,60.0,80.25,96.5,80.0,generator,2026-10-01 11:52:13,2026-10-01 11:53:04,🇩🇪 Germany
xub.com,xub,.com,❌ Taken,34.55,Low Value,34.5,0.0,0.0,100.0,49.5,96.5,80.0,generator,2026-10-01 11:52:13,2026-10-01 11:53:04,🇩🇪 Germany
talkchat.co,talkchat,.co,⚠️ For Sale,34.55,Low Value,24.0,0.0,0.0,78.0,77.25,74.0,60.0,generator,2026-10-01 11:52:13,2026-10-01 11:53:04,🇦🇺 Australia
joz.com,joz,.com,❌ Taken,34.55,Low Value,34.5,0.0,0.0,100.0,49.5,96.5,80.0,generator,2026-10-01 11:52:13,2026-10-01 11:53:04,🇺🇸 USA
signclip.co,signclip,.co,✅ Available,34.55,Low Value,24.0,0.0,0.0,78.0,77.25,74.0,60.0,generator,2026-10-01 11:52:13,2026-10-01 11:53:04,🇦🇪 UAE
hypersend.ai,hypersend,.ai,❌ Taken,34.45,Low Value,84.0,0.0,0.0,92.0,69.75,67.0,72.0,generator,2026-10-01 11:52:13,2026-10-01 11:53:04,🇮🇳 India
rape.ai,rape,.ai,❌ Taken,34.35,Low Value,140.0,0.0,0.0,92.0,55.25,95.0,85.0,generator,2026-10-01 11:52:13,2026-10-01 11:53:04,🇮🇳 India
vola.ai,vola,.ai,⚠️ For Sale,34.35,Low Value,140.0,0.0,0.0,92.0,55.25,95.0,95.0,generator,2026-10-01 11:52:13,2026-10-01 11:53:04,🇺🇸 USA
gifa.ai,gifa,.ai,⚠️ For Sale,34.35,Low Value,140.0,0.0,0.0,92.0,55.25,95.0,95.0,generator,2026-10-01 11:52:13,2026-10-01 11:53:04,🌐 Global
puy.ai,puy,.ai,❌ Taken,34.1,Low Value,210.0,0.0,0.0,92.0,53.25,96.5,80.0,generator,2026-10-01 11:52:13,2026-10-01 11:53:04,🌐 Global
jawo.ai,jawo,.ai,✅ Available,34.1,Low Value,140.0,0.0,0.0,92.0,54.0,95.0,95.0,generator,2026-10-01 11:52:13,2026-10-01 11:53:04,🇺🇸 USA
aeromine.ai,aeromine,.ai,✅ Available,34.0,Low Value,84.0,0.0,0.0,92.0,64.0,74.0,55.0,generator,2026-10-01 11:52:13,2026-10-01 11:53:04,🌐 Global
shipfeed.co,shipfeed,.co,✅ Available,33.75,Low Value,24.0,0.0,0.0,78.0,73.25,74.0,90.0,generator,2026-10-01 11:52:13,2026-10-01 11:53:04,🌐 Global
cesif.ai,cesif,.ai,✅ Available,33.7,Low Value,140.0,0.0,0.0,92.0,54.5,90.0,90.0,generator,2026-10-01 11:52:13,2026-10-01 11:53:04,🌐 Global
bookfund.tech,bookfund,.tech,✅ Available,33.6,Low Value,33.0,0.0,0.0,60.0,86.0,74.0,90.0,generator,2026-10-01 11:52:13,2026-10-01 11:53:04,🇩🇪 Germany
lux.ai,lux,.ai,✅ Available,33.6,Low Value,210.0,0.0,0.0,92.0,50.75,96.5,80.0,generator,2026-10-01 11:52:13,2026-10-01 11:53:04,🌐 Global
axis.ai,axis,.ai,❌ Taken,33.6,Low Value,140.0,0.0,0.0,92.0,51.5,95.0,90.0,generator,2026-10-01 11:52:13,2026-10-01 11:53:04,🇮🇳 India
axiszone.co,axiszone,.co,✅ Available,33.4,Low Value,24.0,0.0,0.0,78.0,71.5,74.0,90.0,generator,2026-10-01 11:52:13,2026-10-01 11:53:04,🇦🇺 Australia
buildzone.net,buildzone,.net,❌ Taken,33.4,Low Value,15.0,0.0,0.0,70.0,81.0,67.0,87.0,generator,2026-10-01 11:52:13,2026-10-01 11:53:04,🌐 Global
peri.io,peri,.io,❌ Taken,33.3,Low Value,85.0,0.0,0.0,85.0,55.25,95.0,95.0,generator,2026-10-01 11:52:13,2026-10-01 11:53:04,🇬🇧 UK
drift.com,drift,.com,❌ Taken,33.05,Low Value,23.0,0.0,0.0,100.0,45.25,90.0,70.0,generator,2026-10-01 11:52:13,2026-10-01 11:53:04,🇺🇸 USA
swift.tech,swift,.tech,❌ Taken,32.95,Low Value,55.0,0.0,0.0,60.0,74.75,90.0,70.0,generator,2026-10-01 11:52:13,2026-10-01 11:53:04,🇩🇪 Germany
hirehost.tech,hirehost,.tech,✅ Available,32.95,Low Value,33.0,0.0,0.0,60.0,82.75,74.0,85.0,generator,2026-10-01 11:52:13,2026-10-01 11:53:04,🇩🇪 Germany
hireship.co,hireship,.co,✅ Available,32.9,Low Value,24.0,0.0,0.0,78.0,69.0,74.0,85.0,generator,2026-10-01 11:52:13,2026-10-01 11:53:04,🇦🇪 UAE
tivoj.io,tivoj,.io,✅ Available,32.9,Low Value,85.0,0.0,0.0,85.0,55.75,90.0,90.0,generator,2026-10-01 11:52:13,2026-10-01 11:53:04,🌐 Global
zapod.io,zapod,.io,✅ Available,32.65,Low Value,85.0,0.0,0.0,85.0,54.5,90.0,90.0,generator,2026-10-01 11:52:13,2026-10-01 11:53:04,🇦🇪 UAE
fusionshift.co,fusionshift,.co,✅ Available,32.4,Low Value,20.0,0.0,0.0,78.0,76.5,54.0,77.0,generator,2026-10-01 11:52:13,2026-10-01 11:53:04,🇦🇺 Australia
vertexscope.com,vertexscope,.com,❌ Taken,31.75,Low Value,11.5,0.0,0.0,100.0,56.75,54.0,82.0,generator,2026-10-01 11:52:13,2026-10-01 11:53:04,🇩🇪 Germany
super.ae,super,.ae,❌ Taken,31.7,Low Value,25.0,0.0,0.0,30.0,91.0,90.0,90.0,generator,2026-10-01 11:52:13,2026-10-01 11:53:04,🇦🇪 UAE
vas.co,vas,.co,❌ Taken,31.5,Low Value,60.0,0.0,0.0,78.0,50.75,96.5,80.0,generator,2026-10-01 11:52:13,2026-10-01 11:53:04,🇦🇪 UAE
gim.co,gim,.co,✅ Available,31.5,Low Value,60.0,0.0,0.0,78.0,50.75,96.5,80.0,generator,2026-10-01 11:52:13,2026-10-01 11:53:04,🇦🇪 UAE
deg.co,deg,.co,❌ Taken,31.5,Low Value,60.0,0.0,0.0,78.0,50.75,96.5,80.0,generator,2026-10-01 11:52:13,2026-10-01 11:53:04,🇦🇪 UAE
luce.net,luce,.net,❌ Taken,31.05,Low Value,25.0,0.0,0.0,70.0,55.25,95.0,85.0,generator,2026-10-01 11:52:13,2026-10-01 11:53:04,🇺🇸 USA
turbo.us,turbo,.us,❌ Taken,31.05,Low Value,25.0,0.0,0.0,30.0,87.75,90.0,95.0,generator,2026-10-01 11:52:13,2026-10-01 11:53:04,🇺🇸 USA
talkify.ae,talkify,.ae,✅ Available,30.9,Low Value,18.75,10.0,0.0,30.0,77.0,80.0,80.0,generator,2026-10-01 11:52:13,2026-10-01 11:53:04,🇦🇪 UAE
hostify.us,hostify,.us,❌ Taken,30.65,Low Value,18.75,10.0,0.0,30.0,75.75,80.0,80.0,generator,2026-10-01 11:52:13,2026-10-01 11:53:04,🇺🇸 USA
primely.us,primely,.us,⚠️ For Sale,30.6,Low Value,18.75,5.0,0.0,30.0,83.0,80.0,80.0,generator,2026-10-01 11:52:13,2026-10-01 11:53:04,🇺🇸 USA
pulse.us,pulse,.us,❌ Taken,30.45,Low Value,25.0,0.0,0.0,30.0,84.75,90.0,85.0,generator,2026-10-01 11:52:13,2026-10-01 11:53:04,🇺🇸 USA
sux.net,sux,.net,❌ Taken,30.3,Low Value,37.5,0.0,0.0,70.0,50.75,96.5,80.0,generator,2026-10-01 11:52:13,2026-10-01 11:53:04,🇺🇸 USA
ultra.us,ultra,.us,❌ Taken,30.3,Low Value,25.0,0.0,0.0,30.0,84.0,90.0,87.0,generator,2026-10-01 11:52:13,2026-10-01 11:53:04,🇺🇸 USA
orbit.de,orbit,.de,❌ Taken,30.3,Low Value,25.0,0.0,0.0,30.0,84.0,90.0,90.0,generator,2026-10-01 11:52:13,2026-10-01 11:53:04,🇩🇪 Germany
flux.in,flux,.in,❌ Taken,29.95,Low Value,25.0,0.0,0.0,30.0,79.75,95.0,70.0,generator,2026-10-01 11:52:13,2026-10-01 11:53:04,🇮🇳 India
byte.ae,byte,.ae,❌ Taken,29.95,Low Value,25.0,0.0,0.0,30.0,79.75,95.0,67.0,generator,2026-10-01 11:52:13,2026-10-01 11:53:04,🇦🇪 UAE
sone.ae,sone,.ae,✅ Available,29.75,Low Value,25.0,0.0,0.0,30.0,78.75,95.0,85.0,generator,2026-10-01 11:52:13,2026-10-01 11:53:04,🇦🇪 UAE
planmine.in,planmine,.in,✅ Available,29.6,Low Value,15.0,0.0,0.0,30.0,88.5,74.0,95.0,generator,2026-10-01 11:52:13,2026-10-01 11:53:04,🇮🇳 India
zeno.us,zeno,.us,❌ Taken,29.5,Low Value,25.0,0.0,0.0,30.0,77.5,95.0,95.0,generator,2026-10-01 11:52:13,2026-10-01 11:53:04,🇺🇸 USA
fluxfeed.de,fluxfeed,.de,✅ Available,29.3,Low Value,15.0,0.0,0.0,30.0,87.0,74.0,90.0,generator,2026-10-01 11:52:13,2026-10-01 11:53:04,🇩🇪 Germany
fiy.tech,fiy,.tech,✅ Available,29.3,Low Value,82.5,0.0,0.0,60.0,53.25,96.5,80.0,generator,2026-10-01 11:52:13,2026-10-01 11:53:04,🇩🇪 Germany
snapbox.in,snapbox,.in,❌ Taken,29.2,Low Value,18.75,0.0,0.0,30.0,83.5,80.0,80.0,generator,2026-10-01 11:52:13,2026-10-01 11:53:04,🇮🇳 India
feedrent.ae,feedrent,.ae,✅ Available,29.1,Low Value,15.0,0.0,0.0,30.0,86.0,74.0,90.0,generator,2026-10-01 11:52:13,2026-10-01 11:53:04,🇦🇪 UAE
bookcook.in,bookcook,.in,✅ Available,29.1,Low Value,15.0,0.0,0.0,30.0,86.0,74.0,90.0,generator,2026-10-01 11:52:13,2026-10-01 11:53:04,🇮🇳 India
swiftspot.co,swiftspot,.co,✅ Available,29.0,Low Value,24.0,0.0,0.0,78.0,53.0,67.0,60.0,generator,2026-10-01 11:52:13,2026-10-01 11:53:04,🇦🇺 Australia
hostmine.ae,hostmine,.ae,✅ Available,28.85,Low Value,15.0,0.0,0.0,30.0,84.75,74.0,87.0,generator,2026-10-01 11:52:13,2026-10-01 11:53:04,🇦🇪 UAE
testcook.ae,testcook,.ae,✅ Available,28.6,Low Value,15.0,0.0,0.0,30.0,83.5,74.0,82.0,generator,2026-10-01 11:52:13,2026-10-01 11:53:04,🇦🇪 UAE
plansend.us,plansend,.us,✅ Available,28.6,Low Value,15.0,0.0,0.0,30.0,83.5,74.0,80.0,generator,2026-10-01 11:52:13,2026-10-01 11:53:04,🇺🇸 USA
cag.tech,cag,.tech,⚠️ For Sale,28.55,Low Value,82.5,0.0,0.0,60.0,49.5,96.5,80.0,generator,2026-10-01 11:52:13,2026-10-01 11:53:04,🇩🇪 Germany
cliptest.us,cliptest,.us,✅ Available,28.35,Low Value,15.0,0.0,0.0,30.0,82.25,74.0,80.0,generator,2026-10-01 11:52:13,2026-10-01 11:53:04,🇺🇸 USA
cliptalk.de,cliptalk,.de,⚠️ For Sale,28.35,Low Value,15.0,0.0,0.0,30.0,82.25,74.0,80.0,generator,2026-10-01 11:52:13,2026-10-01 11:53:04,🇩🇪 Germany
wegi.in,wegi,.in,✅ Available,28.25,Low Value,25.0,0.0,0.0,30.0,71.25,95.0,95.0,generator,2026-10-01 11:52:13,2026-10-01 11:53:04,🇮🇳 India
dovo.us,dovo,.us,❌ Taken,28.25,Low Value,25.0,0.0,0.0,30.0,71.25,95.0,95.0,generator,2026-10-01 11:52:13,2026-10-01 11:53:04,🇺🇸 USA
hiregift.ae,hiregift,.ae,✅ Available,28.25,Low Value,15.0,0.0,0.0,30.0,81.75,74.0,85.0,generator,2026-10-01 11:52:13,2026-10-01 11:53:04,🇦🇪 UAE
digiworks.org,digiworks,.org,✅ Available,28.15,Low Value,14.4,0.0,0.0,68.0,56.25,67.0,77.0,generator,2026-10-01 11:52:13,2026-10-01 11:53:04,🌐 Global
fundnest.de,fundnest,.de,❌ Taken,28.1,Low Value,15.0,0.0,0.0,30.0,81.0,74.0,72.0,generator,2026-10-01 11:52:13,2026-10-01 11:53:04,🇩🇪 Germany
xupa.ae,xupa,.ae,✅ Available,28.0,Low Value,25.0,0.0,0.0,30.0,70.0,95.0,95.0,generator,2026-10-01 11:52:13,2026-10-01 11:53:04,🇦🇪 UAE
xanot.us,xanot,.us,✅ Available,27.9,Low Value,25.0,0.0,0.0,30.0,72.0,90.0,90.0,generator,2026-10-01 11:52:13,2026-10-01 11:53:04,🇺🇸 USA
hostmind.in,hostmind,.in,✅ Available,27.85,Low Value,15.0,0.0,0.0,30.0,79.75,74.0,72.0,generator,2026-10-01 11:52:13,2026-10-01 11:53:04,🇮🇳 India
snaply.in,snaply,.in,❌ Taken,27.8,Low Value,18.75,5.0,0.0,30.0,66.5,85.0,37.0,generator,2026-10-01 11:52:13,2026-10-01 11:53:04,🇮🇳 India
neonfeed.ae,neonfeed,.ae,✅ Available,27.75,Low Value,15.0,0.0,0.0,30.0,79.25,74.0,90.0,generator,2026-10-01 11:52:13,2026-10-01 11:53:04,🇦🇪 UAE
lit.ae,lit,.ae,❌ Taken,27.5,Low Value,37.5,0.0,0.0,30.0,66.75,96.5,80.0,generator,2026-10-01 11:52:13,2026-10-01 11:53:04,🇦🇪 UAE
blazeclip.in,blazeclip,.in,✅ Available,27.4,Low Value,15.0,0.0,0.0,30.0,81.0,67.0,85.0,generator,2026-10-01 11:52:13,2026-10-01 11:53:04,🇮🇳 India
lockchat.au,lockchat,.au,✅ Available,27.35,Low Value,15.0,0.0,0.0,30.0,77.25,74.0,60.0,generator,2026-10-01 11:52:13,2026-10-01 11:53:04,🇦🇺 Australia
testdraw.us,testdraw,.us,✅ Available,27.35,Low Value,15.0,0.0,0.0,30.0,77.25,74.0,60.0,generator,2026-10-01 11:52:13,2026-10-01 11:53:04,🇺🇸 USA
lockdraw.us,lockdraw,.us,✅ Available,27.35,Low Value,15.0,0.0,0.0,30.0,77.25,74.0,60.0,generator,2026-10-01 11:52:13,2026-10-01 11:53:04,🇺🇸 USA
orbittest.uk,orbittest,.uk,✅ Available,27.15,Low Value,15.0,0.0,0.0,30.0,79.75,67.0,85.0,generator,2026-10-01 11:52:13,2026-10-01 11:53:04,🇬🇧 UK
buildhost.de,buildhost,.de,✅ Available,26.9,Low Value,15.0,0.0,0.0,30.0,78.5,67.0,82.0,generator,2026-10-01 11:52:13,2026-10-01 11:53:04,🇩🇪 Germany
luxnest.us,luxnest,.us,✅ Available,26.65,Low Value,18.75,0.0,0.0,30.0,70.75,80.0,80.0,generator,2026-10-01 11:52:13,2026-10-01 11:53:04,🇺🇸 USA
hyperforge.us,hyperforge,.us,✅ Available,26.45,Low Value,15.0,0.0,0.0,30.0,79.75,60.0,87.0,generator,2026-10-01 11:52:13,2026-10-01 11:53:04,🇺🇸 USA
buildscope.us,buildscope,.us,✅ Available,25.95,Low Value,15.0,0.0,0.0,30.0,77.25,60.0,75.0,generator,2026-10-01 11:52:13,2026-10-01 11:53:04,🇺🇸 USA
cookship.us,cookship,.us,✅ Available,25.8,Low Value,15.0,0.0,0.0,30.0,69.5,74.0,82.0,generator,2026-10-01 11:52:13,2026-10-01 11:53:04,🇺🇸 USA
clippath.ae,clippath,.ae,✅ Available,25.8,Low Value,15.0,0.0,0.0,30.0,69.5,74.0,80.0,generator,2026-10-01 11:52:13,2026-10-01 11:53:04,🇦🇪 UAE
cookship.ae,cookship,.ae,✅ Available,25.8,Low Value,15.0,0.0,0.0,30.0,69.5,74.0,82.0,generator,2026-10-01 11:52:13,2026-10-01 11:53:04,🇦🇪 UAE
mayer.us,mayer,.us,❌ Taken,25.8,Low Value,25.0,0.0,0.0,30.0,61.5,90.0,90.0,generator,2026-10-01 11:52:13,2026-10-01 11:53:04,🇺🇸 USA
fundfind.co.uk,co,.uk,✅ Available,25.75,Low Value,37.5,0.0,5.0,30.0,50.0,100.0,85.0,generator,2026-10-01 11:52:13,2026-10-01 11:53:04,🇬🇧 UK
quantumbot.co.uk,co,.uk,✅ Available,25.75,Low Value,37.5,0.0,5.0,30.0,50.0,100.0,85.0,generator,2026-10-01 11:52:13,2026-10-01 11:53:04,🇬🇧 UK
nextride.co.uk,co,.uk,✅ Available,25.75,Low Value,37.5,0.0,5.0,30.0,50.0,100.0,85.0,generator,2026-10-01 11:52:13,2026-10-01 11:53:04,🇬🇧 UK
scantrade.co.uk,co,.uk,✅ Available,25.75,Low Value,37.5,0.0,5.0,30.0,50.0,100.0,85.0,generator,2026-10-01 11:52:13,2026-10-01 11:53:04,🇬🇧 UK
getgreen.co.in,co,.in,✅ Available,25.75,Low Value,37.5,0.0,5.0,30.0,50.0,100.0,85.0,generator,2026-10-01 11:52:13,2026-10-01 11:53:04,🇮🇳 India
codegift.co.uk,co,.uk,✅ Available,25.75,Low Value,37.5,0.0,5.0,30.0,50.0,100.0,85.0,generator,2026-10-01 11:52:13,2026-10-01 11:53:04,🇬🇧 UK
axisspot.co.uk,co,.uk,✅ Available,25.75,Low Value,37.5,0.0,5.0,30.0,50.0,100.0,85.0,generator,2026-10-01 11:52:13,2026-10-01 11:53:04,🇬🇧 UK
medai.co.uk,co,.uk,⚠️ For Sale,25.75,Low Value,37.5,0.0,5.0,30.0,50.0,100.0,85.0,generator,2026-10-01 11:52:13,2026-10-01 11:53:04,🇬🇧 UK
codedeck.co.in,co,.in,✅ Available,25.75,Low Value,37.5,0.0,5.0,30.0,50.0,100.0,85.0,generator,2026-10-01 11:52:13,2026-10-01 11:53:04,🇮🇳 India
getmeta.co.uk,co,.uk,❌ Taken,25.75,Low Value,37.5,0.0,5.0,30.0,50.0,100.0,85.0,generator,2026-10-01 11:52:13,2026-10-01 11:53:04,🇬🇧 UK
esportai.co.uk,co,.uk,✅ Available,25.75,Low Value,37.5,0.0,5.0,30.0,50.0,100.0,85.0,generator,2026-10-01 11:52:13,2026-10-01 11:53:04,🇬🇧 UK
growbook.co.uk,co,.uk,❌ Taken,25.75,Low Value,37.5,0.0,5.0,30.0,50.0,100.0,85.0,generator,2026-10-01 11:52:13,2026-10-01 11:53:04,🇬🇧 UK
mytrade.co.uk,co,.uk,⚠️ For Sale,25.75,Low Value,37.5,0.0,5.0,30.0,50.0,100.0,85.0,generator,2026-10-01 11:52:13,2026-10-01 11:53:04,🇬🇧 UK
arapp.co.uk,co,.uk,✅ Available,25.75,Low Value,37.5,0.0,5.0,30.0,50.0,100.0,85.0,generator,2026-10-01 11:52:13,2026-10-01 11:53:04,🇬🇧 UK
sparkcare.co.uk,co,.uk,❌ Taken,25.75,Low Value,37.5,0.0,5.0,30.0,50.0,100.0,85.0,generator,2026-10-01 11:52:13,2026-10-01 11:53:04,🇬🇧 UK
primedash.co.uk,co,.uk,✅ Available,25.75,Low Value,37.5,0.0,5.0,30.0,50.0,100.0,85.0,generator,2026-10-01 11:52:13,2026-10-01 11:53:04,🇬🇧 UK
vertexnet.co.uk,co,.uk,❌ Taken,25.75,Low Value,37.5,0.0,5.0,30.0,50.0,100.0,85.0,generator,2026-10-01 11:52:13,2026-10-01 11:53:04,🇬🇧 UK
neonest.de,neonest,.de,❌ Taken,25.75,Low Value,18.75,0.0,0.0,30.0,66.25,80.0,90.0,generator,2026-10-01 11:52:13,2026-10-01 11:53:04,🇩🇪 Germany
getpixel.co.uk,co,.uk,❌ Taken,25.75,Low Value,37.5,0.0,5.0,30.0,50.0,100.0,85.0,generator,2026-10-01 11:52:13,2026-10-01 11:53:04,🇬🇧 UK
vitaship.co.uk,co,.uk,✅ Available,25.75,Low Value,37.5,0.0,5.0,30.0,50.0,100.0,85.0,generator,2026-10-01 11:52:13,2026-10-01 11:53:04,🇬🇧 UK
metastack.co.uk,co,.uk,✅ Available,25.75,Low Value,37.5,0.0,5.0,30.0,50.0,100.0,85.0,generator,2026-10-01 11:52:13,2026-10-01 11:53:04,🇬🇧 UK
spark.co.uk,co,.uk,❌ Taken,25.75,Low Value,37.5,0.0,5.0,30.0,50.0,100.0,85.0,generator,2026-10-01 11:52:13,2026-10-01 11:53:04,🇬🇧 UK
getgreen.co.uk,co,.uk,❌ Taken,25.75,Low Value,37.5,0.0,5.0,30.0,50.0,100.0,85.0,generator,2026-10-01 11:52:13,2026-10-01 11:53:04,🇬🇧 UK
signlearn.co.uk,co,.uk,✅ Available,25.75,Low Value,37.5,0.0,5.0,30.0,50.0,100.0,85.0,generator,2026-10-01 11:52:13,2026-10-01 11:53:04,🇬🇧 UK
coinai.co.uk,co,.uk,❌ Taken,25.75,Low Value,37.5,0.0,5.0,30.0,50.0,100.0,85.0,generator,2026-10-01 11:52:13,2026-10-01 11:53:04,🇬🇧 UK
getapp.co.in,co,.in,❌ Taken,25.75,Low Value,37.5,0.0,5.0,30.0,50.0,100.0,85.0,generator,2026-10-01 11:52:13,2026-10-01 11:53:04,🇮🇳 India
metacloud.co.uk,co,.uk,⚠️ For Sale,25.75,Low Value,37.5,0.0,5.0,30.0,50.0,100.0,85.0,generator,2026-10-01 11:52:13,2026-10-01 11:53:04,🇬🇧 UK
omnilink.co.uk,co,.uk,❌ Taken,25.75,Low Value,37.5,0.0,5.0,30.0,50.0,100.0,85.0,generator,2026-10-01 11:52:13,2026-10-01 11:53:04,🇬🇧 UK
basepro.co.uk,co,.uk,❌ Taken,25.75,Low Value,37.5,0.0,5.0,30.0,50.0,100.0,85.0,generator,2026-10-01 11:52:13,2026-10-01 11:53:04,🇬🇧 UK
lably.co.uk,co,.uk,❌ Taken,25.75,Low Value,37.5,0.0,5.0,30.0,50.0,100.0,85.0,generator,2026-10-01 11:52:13,2026-10-01 11:53:04,🇬🇧 UK
testsell.co.in,co,.in,✅ Available,25.75,Low Value,37.5,0.0,5.0,30.0,50.0,100.0,85.0,generator,2026-10-01 11:52:13,2026-10-01 11:53:04,🇮🇳 India
getgrow.co.in,co,.in,✅ Available,25.75,Low Value,37.5,0.0,5.0,30.0,50.0,100.0,85.0,generator,2026-10-01 11:52:13,2026-10-01 11:53:04,🇮🇳 India
bipul.co.uk,co,.uk,✅ Available,25.75,Low Value,37.5,0.0,5.0,30.0,50.0,100.0,85.0,generator,2026-10-01 11:52:13,2026-10-01 11:53:04,🇬🇧 UK
meetlab.co.uk,co,.uk,❌ Taken,25.75,Low Value,37.5,0.0,5.0,30.0,50.0,100.0,85.0,generator,2026-10-01 11:52:13,2026-10-01 11:53:04,🇬🇧 UK
fusionbase.co.uk,co,.uk,✅ Available,25.75,Low Value,37.5,0.0,5.0,30.0,50.0,100.0,85.0,generator,2026-10-01 11:52:13,2026-10-01 11:53:04,🇬🇧 UK
sendgrow.co.uk,co,.uk,❌ Taken,25.75,Low Value,37.5,0.0,5.0,30.0,50.0,100.0,85.0,generator,2026-10-01 11:52:13,2026-10-01 11:53:04,🇬🇧 UK
growpad.co.uk,co,.uk,✅ Available,25.75,Low Value,37.5,0.0,5.0,30.0,50.0,100.0,85.0,generator,2026-10-01 11:52:13,2026-10-01 11:53:04,🇬🇧 UK
ultraship.co.uk,co,.uk,✅ Available,25.75,Low Value,37.5,0.0,5.0,30.0,50.0,100.0,85.0,generator,2026-10-01 11:52:13,2026-10-01 11:53:04,🇬🇧 UK
mymeta.co.in,co,.in,❌ Taken,25.75,Low Value,37.5,0.0,5.0,30.0,50.0,100.0,85.0,generator,2026-10-01 11:52:13,2026-10-01 11:53:04,🇮🇳 India
omni.co.in,co,.in,❌ Taken,25.75,Low Value,37.5,0.0,5.0,30.0,50.0,100.0,85.0,generator,2026-10-01 11:52:13,2026-10-01 11:53:04,🇮🇳 India
mygame.co.uk,co,.uk,❌ Taken,25.75,Low Value,37.5,0.0,5.0,30.0,50.0,100.0,85.0,generator,2026-10-01 11:52:13,2026-10-01 11:53:04,🇬🇧 UK
hyper.co.uk,co,.uk,✅ Available,25.75,Low Value,37.5,0.0,5.0,30.0,50.0,100.0,85.0,generator,2026-10-01 11:52:13,2026-10-01 11:53:04,🇬🇧 UK
dashapp.co.uk,co,.uk,⚠️ For Sale,25.75,Low Value,37.5,0.0,5.0,30.0,50.0,100.0,85.0,generator,2026-10-01 11:52:13,2026-10-01 11:53:04,🇬🇧 UK
aipad.co.in,co,.in,✅ Available,25.75,Low Value,37.5,0.0,5.0,30.0,50.0,100.0,85.0,generator,2026-10-01 11:52:13,2026-10-01 11:53:04,🇮🇳 India
hoyi.co.uk,co,.uk,✅ Available,25.75,Low Value,37.5,0.0,5.0,30.0,50.0,100.0,85.0,generator,2026-10-01 11:52:13,2026-10-01 11:53:04,🇬🇧 UK
codecloud.co.uk,co,.uk,⚠️ For Sale,25.75,Low Value,37.5,0.0,5.0,30.0,50.0,100.0,85.0,generator,2026-10-01 11:52:13,2026-10-01 11:53:04,🇬🇧 UK
fukan.co.uk,co,.uk,❌ Taken,25.75,Low Value,37.5,0.0,5.0,30.0,50.0,100.0,85.0,generator,2026-10-01 11:52:13,2026-10-01 11:53:04,🇬🇧 UK
superflow.co.uk,co,.uk,⚠️ For Sale,25.75,Low Value,37.5,0.0,5.0,30.0,50.0,100.0,85.0,generator,2026-10-01 11:52:13,2026-10-01 11:53:04,🇬🇧 UK
neofeed.de,neofeed,.de,✅ Available,25.65,Low Value,18.75,0.0,0.0,30.0,65.75,80.0,80.0,generator,2026-10-01 11:52:13,2026-10-01 11:53:04,🇩🇪 Germany
drawship.de,drawship,.de,✅ Available,25.55,Low Value,15.0,0.0,0.0,30.0,68.25,74.0,72.0,generator,2026-10-01 11:52:13,2026-10-01 11:53:04,🇩🇪 Germany
vohuy.ae,vohuy,.ae,✅ Available,25.15,Low Value,25.0,0.0,0.0,30.0,58.25,90.0,90.0,generator,2026-10-01 11:52:13,2026-10-01 11:53:04,🇦🇪 UAE
vede.us,vede,.us,⚠️ For Sale,25.05,Low Value,25.0,0.0,0.0,30.0,55.25,95.0,85.0,generator,2026-10-01 11:52:13,2026-10-01 11:53:04,🇺🇸 USA
wopo.ae,wopo,.ae,✅ Available,25.05,Low Value,25.0,0.0,0.0,30.0,55.25,95.0,95.0,generator,2026-10-01 11:52:13,2026-10-01 11:53:04,🇦🇪 UAE
toxi.ae,toxi,.ae,✅ Available,25.05,Low Value,25.0,0.0,0.0,30.0,55.25,95.0,95.0,generator,2026-10-01 11:52:13,2026-10-01 11:53:04,🇦🇪 UAE
kosa.us,kosa,.us,⚠️ For Sale,25.05,Low Value,25.0,0.0,0.0,30.0,55.25,95.0,95.0,generator,2026-10-01 11:52:13,2026-10-01 11:53:04,🇺🇸 USA
digi.ae,digi,.ae,✅ Available,25.05,Low Value,25.0,0.0,0.0,30.0,55.25,95.0,95.0,generator,2026-10-01 11:52:13,2026-10-01 11:53:04,🇦🇪 UAE
bagi.us,bagi,.us,❌ Taken,25.05,Low Value,25.0,0.0,0.0,30.0,55.25,95.0,95.0,generator,2026-10-01 11:52:13,2026-10-01 11:53:04,🇺🇸 USA
vowi.de,vowi,.de,❌ Taken,25.05,Low Value,25.0,0.0,0.0,30.0,55.25,95.0,95.0,generator,2026-10-01 11:52:13,2026-10-01 11:53:04,🇩🇪 Germany
tivi.de,tivi,.de,❌ Taken,25.05,Low Value,25.0,0.0,0.0,30.0,55.25,95.0,95.0,generator,2026-10-01 11:52:13,2026-10-01 11:53:04,🇩🇪 Germany
lezi.ae,lezi,.ae,✅ Available,25.05,Low Value,25.0,0.0,0.0,30.0,55.25,95.0,95.0,generator,2026-10-01 11:52:13,2026-10-01 11:53:04,🇦🇪 UAE
kakof.us,kakof,.us,✅ Available,24.85,Low Value,25.0,0.0,0.0,30.0,56.75,90.0,90.0,generator,2026-10-01 11:52:13,2026-10-01 11:53:04,🇺🇸 USA
jozu.ae,jozu,.ae,✅ Available,24.8,Low Value,25.0,0.0,0.0,30.0,54.0,95.0,90.0,generator,2026-10-01 11:52:13,2026-10-01 11:53:04,🇦🇪 UAE
zani.ae,zani,.ae,✅ Available,24.8,Low Value,25.0,0.0,0.0,30.0,54.0,95.0,95.0,generator,2026-10-01 11:52:13,2026-10-01 11:53:04,🇦🇪 UAE
vetum.us,vetum,.us,✅ Available,24.65,Low Value,25.0,0.0,0.0,30.0,55.75,90.0,90.0,generator,2026-10-01 11:52:13,2026-10-01 11:53:04,🇺🇸 USA
tracksnap.ae,tracksnap,.ae,✅ Available,24.65,Low Value,15.0,0.0,0.0,30.0,67.25,67.0,60.0,generator,2026-10-01 11:52:13,2026-10-01 11:53:04,🇦🇪 UAE
layuc.in,layuc,.in,✅ Available,24.65,Low Value,25.0,0.0,0.0,30.0,55.75,90.0,90.0,generator,2026-10-01 11:52:13,2026-10-01 11:53:04,🇮🇳 India
menik.de,menik,.de,❌ Taken,24.65,Low Value,25.0,0.0,0.0,30.0,55.75,90.0,90.0,generator,2026-10-01 11:52:13,2026-10-01 11:53:04,🇩🇪 Germany
helix.in,helix,.in,⚠️ For Sale,24.4,Low Value,25.0,0.0,0.0,30.0,54.5,90.0,90.0,generator,2026-10-01 11:52:13,2026-10-01 11:53:04,🇮🇳 India
fil.in,fil,.in,❌ Taken,24.3,Low Value,37.5,0.0,0.0,30.0,50.75,96.5,80.0,generator,2026-10-01 11:52:13,2026-10-01 11:53:04,🇮🇳 India
apex.in,apex,.in,✅ Available,24.3,Low Value,25.0,0.0,0.0,30.0,51.5,95.0,90.0,generator,2026-10-01 11:52:13,2026-10-01 11:53:04,🇮🇳 India
apex.ae,apex,.ae,❌ Taken,24.3,Low Value,25.0,0.0,0.0,30.0,51.5,95.0,90.0,generator,2026-10-01 11:52:13,2026-10-01 11:53:04,🇦🇪 UAE
haloshift.us,haloshift,.us,✅ Available,24.3,Low Value,15.0,0.0,0.0,30.0,65.5,67.0,85.0,generator,2026-10-01 11:52:13,2026-10-01 11:53:04,🇺🇸 USA
axis.au,axis,.au,❌ Taken,24.3,Low Value,25.0,0.0,0.0,30.0,51.5,95.0,90.0,generator,2026-10-01 11:52:13,2026-10-01 11:53:04,🇦🇺 Australia
rud.de,rud,.de,❌ Taken,24.3,Low Value,37.5,0.0,0.0,30.0,50.75,96.5,80.0,generator,2026-10-01 11:52:13,2026-10-01 11:53:04,🇩🇪 Germany
pef.ae,pef,.ae,✅ Available,24.3,Low Value,37.5,0.0,0.0,30.0,50.75,96.5,80.0,generator,2026-10-01 11:52:13,2026-10-01 11:53:04,🇦🇪 UAE
sendhealth.com.au,com,.au,✅ Available,24.05,Low Value,37.5,0.0,0.0,30.0,49.5,96.5,80.0,generator,2026-10-01 11:52:13,2026-10-01 11:53:04,🇦🇺 Australia
vibefeed.com.au,com,.au,✅ Available,24.05,Low Value,37.5,0.0,0.0,30.0,49.5,96.5,80.0,generator,2026-10-01 11:52:13,2026-10-01 11:53:04,🇦🇺 Australia
learnmind.com.au,com,.au,✅ Available,24.05,Low Value,37.5,0.0,0.0,30.0,49.5,96.5,80.0,generator,2026-10-01 11:52:13,2026-10-01 11:53:04,🇦🇺 Australia
trackhire.com.au,com,.au,❌ Taken,24.05,Low Value,37.5,0.0,0.0,30.0,49.5,96.5,80.0,generator,2026-10-01 11:52:13,2026-10-01 11:53:04,🇦🇺 Australia
farmbox.com.au,com,.au,❌ Taken,24.05,Low Value,37.5,0.0,0.0,30.0,49.5,96.5,80.0,generator,2026-10-01 11:52:13,2026-10-01 11:53:04,🇦🇺 Australia
hypergrid.com.au,com,.au,❌ Taken,24.05,Low Value,37.5,0.0,0.0,30.0,49.5,96.5,80.0,generator,2026-10-01 11:52:13,2026-10-01 11:53:04,🇦🇺 Australia
omni.com.au,com,.au,⚠️ For Sale,24.05,Low Value,37.5,0.0,0.0,30.0,49.5,96.5,80.0,generator,2026-10-01 11:52:13,2026-10-01 11:53:04,🇦🇺 Australia
drift.com.au,com,.au,❌ Taken,24.05,Low Value,37.5,0.0,0.0,30.0,49.5,96.5,80.0,generator,2026-10-01 11:52:13,2026-10-01 11:53:04,🇦🇺 Australia
buildfund.com.au,com,.au,⚠️ For Sale,24.05,Low Value,37.5,0.0,0.0,30.0,49.5,96.5,80.0,generator,2026-10-01 11:52:13,2026-10-01 11:53:04,🇦🇺 Australia
yin.in,yin,.in,✅ Available,24.05,Low Value,37.5,0.0,0.0,30.0,49.5,96.5,80.0,generator,2026-10-01 11:52:13,2026-10-01 11:53:04,🇮🇳 India
signbase.com.au,com,.au,❌ Taken,24.05,Low Value,37.5,0.0,0.0,30.0,49.5,96.5,80.0,generator,2026-10-01 11:52:13,2026-10-01 11:53:04,🇦🇺 Australia
swiftmeet.us,swiftmeet,.us,✅ Available,24.05,Low Value,15.0,0.0,0.0,30.0,64.25,67.0,82.0,generator,2026-10-01 11:52:13,2026-10-01 11:53:04,🇺🇸 USA
bionet.com.au,com,.au,❌ Taken,24.05,Low Value,37.5,0.0,0.0,30.0,49.5,96.5,80.0,generator,2026-10-01 11:52:13,2026-10-01 11:53:04,🇦🇺 Australia
bookplan.com.au,com,.au,✅ Available,24.05,Low Value,37.5,0.0,0.0,30.0,49.5,96.5,80.0,generator,2026-10-01 11:52:13,2026-10-01 11:53:04,🇦🇺 Australia
wizo.com.au,com,.au,✅ Available,24.05,Low Value,37.5,0.0,0.0,30.0,49.5,96.5,80.0,generator,2026-10-01 11:52:13,2026-10-01 11:53:04,🇦🇺 Australia
meetware.com.au,com,.au,✅ Available,24.05,Low Value,37.5,0.0,0.0,30.0,49.5,96.5,80.0,generator,2026-10-01 11:52:13,2026-10-01 11:53:04,🇦🇺 Australia
digi.com.au,com,.au,❌ Taken,24.05,Low Value,37.5,0.0,0.0,30.0,49.5,96.5,80.0,generator,2026-10-01 11:52:13,2026-10-01 11:53:04,🇦🇺 Australia
cookfeed.com.au,com,.au,✅ Available,24.05,Low Value,37.5,0.0,0.0,30.0,49.5,96.5,80.0,generator,2026-10-01 11:52:13,2026-10-01 11:53:04,🇦🇺 Australia
aizone.com.au,com,.au,❌ Taken,24.05,Low Value,37.5,0.0,0.0,30.0,49.5,96.5,80.0,generator,2026-10-01 11:52:13,2026-10-01 11:53:04,🇦🇺 Australia
ion.com.au,com,.au,❌ Taken,24.05,Low Value,37.5,0.0,0.0,30.0,49.5,96.5,80.0,generator,2026-10-01 11:52:13,2026-10-01 11:53:04,🇦🇺 Australia
zengrow.com.au,com,.au,❌ Taken,24.05,Low Value,37.5,0.0,0.0,30.0,49.5,96.5,80.0,generator,2026-10-01 11:52:13,2026-10-01 11:53:04,🇦🇺 Australia
synclock.com.au,com,.au,✅ Available,24.05,Low Value,37.5,0.0,0.0,30.0,49.5,96.5,80.0,generator,2026-10-01 11:52:13,2026-10-01 11:53:04,🇦🇺 Australia
vertexnet.com.au,com,.au,✅ Available,24.05,Low Value,37.5,0.0,0.0,30.0,49.5,96.5,80.0,generator,2026-10-01 11:52:13,2026-10-01 11:53:04,🇦🇺 Australia
nojot.com.au,com,.au,✅ Available,24.05,Low Value,37.5,0.0,0.0,30.0,49.5,96.5,80.0,generator,2026-10-01 11:52:13,2026-10-01 11:53:04,🇦🇺 Australia
learnsync.com.au,com,.au,✅ Available,24.05,Low Value,37.5,0.0,0.0,30.0,49.5,96.5,80.0,generator,2026-10-01 11:52:13,2026-10-01 11:53:04,🇦🇺 Australia
botfarm.com.au,com,.au,❌ Taken,24.05,Low Value,37.5,0.0,0.0,30.0,49.5,96.5,80.0,generator,2026-10-01 11:52:13,2026-10-01 11:53:04,🇦🇺 Australia
primeml.com.au,com,.au,✅ Available,24.05,Low Value,37.5,0.0,0.0,30.0,49.5,96.5,80.0,generator,2026-10-01 11:52:13,2026-10-01 11:53:04,🇦🇺 Australia
playai.com.au,com,.au,❌ Taken,24.05,Low Value,37.5,0.0,0.0,30.0,49.5,96.5,80.0,generator,2026-10-01 11:52:13,2026-10-01 11:53:04,🇦🇺 Australia
baseapp.com.au,com,.au,❌ Taken,24.05,Low Value,37.5,0.0,0.0,30.0,49.5,96.5,80.0,generator,2026-10-01 11:52:13,2026-10-01 11:53:04,🇦🇺 Australia
cleanpro.com.au,com,.au,❌ Taken,24.05,Low Value,37.5,0.0,0.0,30.0,49.5,96.5,80.0,generator,2026-10-01 11:52:13,2026-10-01 11:53:04,🇦🇺 Australia
pixelsync.com.au,com,.au,✅ Available,24.05,Low Value,37.5,0.0,0.0,30.0,49.5,96.5,80.0,generator,2026-10-01 11:52:13,2026-10-01 11:53:04,🇦🇺 Australia
plangame.com.au,com,.au,✅ Available,24.05,Low Value,37.5,0.0,0.0,30.0,49.5,96.5,80.0,generator,2026-10-01 11:52:13,2026-10-01 11:53:04,🇦🇺 Australia
getcoin.com.au,com,.au,✅ Available,24.05,Low Value,37.5,0.0,0.0,30.0,49.5,96.5,80.0,generator,2026-10-01 11:52:13,2026-10-01 11:53:04,🇦🇺 Australia
paymine.com.au,com,.au,✅ Available,24.05,Low Value,37.5,0.0,0.0,30.0,49.5,96.5,80.0,generator,2026-10-01 11:52:13,2026-10-01 11:53:04,🇦🇺 Australia
cooktest.com.au,com,.au,✅ Available,24.05,Low Value,37.5,0.0,0.0,30.0,49.5,96.5,80.0,generator,2026-10-01 11:52:13,2026-10-01 11:53:04,🇦🇺 Australia
orbitify.com.au,com,.au,✅ Available,24.05,Low Value,37.5,0.0,0.0,30.0,49.5,96.5,80.0,generator,2026-10-01 11:52:13,2026-10-01 11:53:04,🇦🇺 Australia
luk.com.au,com,.au,❌ Taken,24.05,Low Value,37.5,0.0,0.0,30.0,49.5,96.5,80.0,generator,2026-10-01 11:52:13,2026-10-01 11:53:04,🇦🇺 Australia
chatlock.com.au,com,.au,✅ Available,24.05,Low Value,37.5,0.0,0.0,30.0,49.5,96.5,80.0,generator,2026-10-01 11:52:13,2026-10-01 11:53:04,🇦🇺 Australia
votedock.com.au,com,.au,✅ Available,24.05,Low Value,37.5,0.0,0.0,30.0,49.5,96.5,80.0,generator,2026-10-01 11:52:13,2026-10-01 11:53:04,🇦🇺 Australia
neolink.com.au,com,.au,❌ Taken,24.05,Low Value,37.5,0.0,0.0,30.0,49.5,96.5,80.0,generator,2026-10-01 11:52:13,2026-10-01 11:53:04,🇦🇺 Australia
zen.com.au,com,.au,❌ Taken,24.05,Low Value,37.5,0.0,0.0,30.0,49.5,96.5,80.0,generator,2026-10-01 11:52:13,2026-10-01 11:53:04,🇦🇺 Australia
gettech.com.au,com,.au,❌ Taken,24.05,Low Value,37.5,0.0,0.0,30.0,49.5,96.5,80.0,generator,2026-10-01 11:52:13,2026-10-01 11:53:04,🇦🇺 Australia
novatrack.com.au,com,.au,✅ Available,24.05,Low Value,37.5,0.0,0.0,30.0,49.5,96.5,80.0,generator,2026-10-01 11:52:13,2026-10-01 11:53:04,🇦🇺 Australia
iondeck.de,iondeck,.de,✅ Available,23.4,Low Value,18.75,0.0,0.0,30.0,54.5,80.0,90.0,generator,2026-10-01 11:52:13,2026-10-01 11:53:04,🇩🇪 Germany
hyperdeck.in,hyperdeck,.in,✅ Available,22.3,Low Value,15.0,0.0,0.0,30.0,55.5,67.0,72.0,generator,2026-10-01 11:52:13,2026-10-01 11:53:04,🇮🇳 India
driftspot.in,driftspot,.in,✅ Available,18.6,Low Value,15.0,0.0,0.0,30.0,37.0,67.0,60.0,generator,2026-10-01 11:52:13,2026-10-01 11:53:04,🇮🇳 India
